Chr,Start,End,XPCLR,W(XPCLR),Comparison
1,495000,515000,50.82164379,12.87611039,Teosinte/Landrace
1,6635000,6665000,64.33007667,13.87458696,Teosinte/Landrace
1,17685000,17725000,107.2096933,21.0853603,Teosinte/Landrace
1,26345000,26475000,143.1826984,38.85143378,Teosinte/Landrace
1,26625000,26715000,142.2147848,26.2094195,Teosinte/Landrace
1,48605000,48645000,41.61460135,11.76335054,Teosinte/Landrace
1,48705000,48725000,71.61268103,11.61170658,Teosinte/Landrace
1,57675000,57795000,28.13655323,11.10660828,Teosinte/Landrace
1,63895000,63905000,77.02493502,14.85609072,Teosinte/Landrace
1,68795000,68855000,46.01021433,10.1063041,Teosinte/Landrace
1,77425000,77455000,52.29026136,13.28913963,Teosinte/Landrace
1,83635000,83655000,37.25270787,10.95303839,Teosinte/Landrace
1,84015000,84035000,64.46825346,17.34497759,Teosinte/Landrace
1,89565000,89595000,44.03704119,13.94012381,Teosinte/Landrace
1,90145000,90175000,65.74291207,18.94025981,Teosinte/Landrace
1,90745000,90825000,51.58340576,14.52243483,Teosinte/Landrace
1,92705000,92725000,69.04750957,14.12184732,Teosinte/Landrace
1,93505000,93565000,79.44284351,17.41102164,Teosinte/Landrace
1,95905000,95965000,88.69536801,18.45656301,Teosinte/Landrace
1,96065000,96085000,60.33668967,13.64008615,Teosinte/Landrace
1,96125000,96155000,40.95083923,13.43435873,Teosinte/Landrace
1,99045000,99085000,56.9920879,15.16303494,Teosinte/Landrace
1,99305000,99375000,77.0954917,23.17423674,Teosinte/Landrace
1,100055000,100065000,80.14016657,18.52483063,Teosinte/Landrace
1,102655000,102675000,72.21109995,15.71877104,Teosinte/Landrace
1,104425000,104495000,73.03092193,10.60707463,Teosinte/Landrace
1,104525000,104545000,70.73980597,15.37448365,Teosinte/Landrace
1,104655000,104675000,42.0053387,10.78910461,Teosinte/Landrace
1,106495000,106505000,62.8439618,14.25853229,Teosinte/Landrace
1,106535000,106575000,51.35786405,14.45206488,Teosinte/Landrace
1,106685000,106795000,46.62892782,11.69696455,Teosinte/Landrace
1,106895000,106975000,99.11200911,22.01366787,Teosinte/Landrace
1,107055000,107185000,362.9407356,78.96064808,Teosinte/Landrace
1,107275000,107315000,35.25521396,10.54079195,Teosinte/Landrace
1,107555000,107575000,113.3906781,15.55391909,Teosinte/Landrace
1,107605000,107675000,85.77080441,16.66098767,Teosinte/Landrace
1,110575000,110595000,41.2150963,11.63486711,Teosinte/Landrace
1,110845000,110865000,57.26152269,12.88156254,Teosinte/Landrace
1,110935000,110985000,30.7542032,10.61427381,Teosinte/Landrace
1,128815000,128825000,50.99244017,11.33522467,Teosinte/Landrace
1,129285000,129295000,84.28498135,10.70643941,Teosinte/Landrace
1,131415000,131425000,57.352086,10.79617813,Teosinte/Landrace
1,131915000,131975000,48.48910054,13.12650755,Teosinte/Landrace
1,141195000,141205000,89.83484326,14.78993652,Teosinte/Landrace
1,141325000,141365000,42.93764306,12.88590873,Teosinte/Landrace
1,141385000,141435000,75.37504589,17.34946142,Teosinte/Landrace
1,141475000,141505000,31.14068594,10.38188551,Teosinte/Landrace
1,141535000,141555000,79.1410546,16.34868788,Teosinte/Landrace
1,145595000,145615000,51.6945616,12.60683219,Teosinte/Landrace
1,145715000,145725000,52.25364874,11.04866507,Teosinte/Landrace
1,146905000,146925000,47.72853648,11.04411143,Teosinte/Landrace
1,149115000,149125000,58.39998919,11.77278857,Teosinte/Landrace
1,149285000,149335000,25.43156756,10.30916101,Teosinte/Landrace
1,158985000,159025000,66.51584187,17.94257277,Teosinte/Landrace
1,165205000,165215000,53.71256895,10.73864869,Teosinte/Landrace
1,166855000,166885000,190.5024788,47.97975735,Teosinte/Landrace
1,167115000,167145000,39.78844851,13.27912359,Teosinte/Landrace
1,167245000,167265000,45.90135077,11.9261681,Teosinte/Landrace
1,169315000,169335000,40.22541525,11.31657921,Teosinte/Landrace
1,170135000,170185000,32.44255713,10.68801285,Teosinte/Landrace
1,170415000,170435000,41.54364607,12.41195162,Teosinte/Landrace
1,216335000,216345000,75.38761083,17.3525607,Teosinte/Landrace
1,221935000,221975000,55.49954597,22.26578406,Teosinte/Landrace
1,239285000,239305000,87.83920249,20.30307798,Teosinte/Landrace
1,243555000,243615000,38.40394538,15.83097991,Teosinte/Landrace
1,256645000,256665000,44.6348865,12.73469398,Teosinte/Landrace
1,269855000,269885000,66.35165044,14.34764154,Teosinte/Landrace
1,270245000,270255000,55.67737257,10.45056524,Teosinte/Landrace
1,270755000,270775000,56.93325101,10.70974258,Teosinte/Landrace
1,272155000,272195000,27.97384724,11.02837425,Teosinte/Landrace
2,23965000,23975000,50.14154861,12.94732765,Teosinte/Landrace
2,26375000,26445000,66.51557684,14.70512598,Teosinte/Landrace
2,28275000,28355000,52.91082383,21.97485444,Teosinte/Landrace
2,28515000,28665000,85.93789004,23.06634529,Teosinte/Landrace
2,29555000,29575000,38.10449969,12.805503,Teosinte/Landrace
2,39265000,39495000,25.24882931,13.86153589,Teosinte/Landrace
2,70805000,70835000,37.04316561,10.54050824,Teosinte/Landrace
2,74425000,74495000,33.91443598,12.11507871,Teosinte/Landrace
2,74625000,74645000,44.22748862,12.35171698,Teosinte/Landrace
2,76565000,76585000,30.78150276,10.57064047,Teosinte/Landrace
2,81475000,81515000,26.79688057,12.69637311,Teosinte/Landrace
2,87835000,87865000,51.5169325,20.66023649,Teosinte/Landrace
2,88005000,88015000,49.05209359,12.63935722,Teosinte/Landrace
2,89515000,89595000,44.36073559,12.35802411,Teosinte/Landrace
2,90115000,90125000,47.34035128,11.53169777,Teosinte/Landrace
2,94305000,94405000,41.68388997,21.11298245,Teosinte/Landrace
2,94445000,94465000,78.84950846,14.89349331,Teosinte/Landrace
2,99625000,99635000,53.28665057,13.83639455,Teosinte/Landrace
2,99745000,99805000,44.64368134,15.28554688,Teosinte/Landrace
2,101175000,101195000,48.11756858,17.50115146,Teosinte/Landrace
2,101685000,101725000,26.23742646,10.17127096,Teosinte/Landrace
2,102355000,102425000,44.96397338,11.87272799,Teosinte/Landrace
2,104205000,104225000,44.38245102,10.73845798,Teosinte/Landrace
2,104345000,104375000,35.26316131,12.96568093,Teosinte/Landrace
2,104395000,104435000,29.72389126,13.03512974,Teosinte/Landrace
2,104585000,104595000,85.85131134,16.29306321,Teosinte/Landrace
2,104615000,104755000,88.36747792,35.0860475,Teosinte/Landrace
2,108025000,108045000,67.79342534,15.00734939,Teosinte/Landrace
2,124435000,124505000,89.81700011,26.46913494,Teosinte/Landrace
2,124775000,124835000,64.49680705,32.71037719,Teosinte/Landrace
2,124885000,124915000,51.94376146,21.27704151,Teosinte/Landrace
2,125125000,125415000,41.40328584,14.44178111,Teosinte/Landrace
2,125825000,125995000,134.4794624,44.73269451,Teosinte/Landrace
2,126055000,126135000,129.8539978,27.48321883,Teosinte/Landrace
2,126155000,126165000,48.83689884,12.57852532,Teosinte/Landrace
2,126295000,126335000,52.90926284,16.81539613,Teosinte/Landrace
2,126475000,126485000,89.98279365,21.65387732,Teosinte/Landrace
2,126525000,126555000,46.21851956,11.83835398,Teosinte/Landrace
2,126575000,126585000,42.08919308,10.67106353,Teosinte/Landrace
2,126685000,126715000,39.3490042,12.90340344,Teosinte/Landrace
2,137325000,137415000,112.3958276,28.97805765,Teosinte/Landrace
2,143405000,143435000,35.18924467,13.22539213,Teosinte/Landrace
2,143535000,143555000,35.21858595,10.32812597,Teosinte/Landrace
2,149795000,149845000,34.62094393,10.48371366,Teosinte/Landrace
2,149915000,149935000,51.6007217,13.35981109,Teosinte/Landrace
2,153405000,153415000,44.26509695,10.09464355,Teosinte/Landrace
2,154195000,154205000,74.91418786,19.95013194,Teosinte/Landrace
2,154385000,154415000,43.24930651,18.7306355,Teosinte/Landrace
2,154725000,154825000,122.0085215,22.02072241,Teosinte/Landrace
2,170865000,170875000,57.98622937,15.16488564,Teosinte/Landrace
2,173545000,173575000,49.27335985,10.62717654,Teosinte/Landrace
2,173885000,173905000,33.66660228,10.15330667,Teosinte/Landrace
2,236475000,236515000,81.95292882,20.83778505,Teosinte/Landrace
2,236575000,236605000,38.81547496,16.87994195,Teosinte/Landrace
2,242585000,242605000,40.72260726,10.28475293,Teosinte/Landrace
3,23955000,23965000,45.06453614,10.57247352,Teosinte/Landrace
3,28725000,28815000,43.15963195,12.33361109,Teosinte/Landrace
3,34775000,34795000,62.48693232,20.34587662,Teosinte/Landrace
3,60895000,60915000,47.3883822,10.61104785,Teosinte/Landrace
3,62185000,62195000,66.56042239,10.27023704,Teosinte/Landrace
3,62925000,62935000,61.94902212,15.0231309,Teosinte/Landrace
3,63145000,63165000,70.518383,17.28196716,Teosinte/Landrace
3,63265000,63335000,24.9582792,12.58810051,Teosinte/Landrace
3,63465000,63515000,40.20830005,18.11421548,Teosinte/Landrace
3,65385000,65435000,41.06205352,17.02531637,Teosinte/Landrace
3,65515000,65585000,68.84071199,19.92505183,Teosinte/Landrace
3,65605000,65625000,88.76907972,25.18961079,Teosinte/Landrace
3,65645000,65845000,92.95239802,30.24316639,Teosinte/Landrace
3,70085000,70105000,32.97030476,10.17883196,Teosinte/Landrace
3,70645000,70655000,47.24441553,10.57504644,Teosinte/Landrace
3,71375000,71405000,34.53285368,10.165236,Teosinte/Landrace
3,72295000,72325000,29.09587885,10.06113983,Teosinte/Landrace
3,72795000,72815000,37.08628939,11.04281396,Teosinte/Landrace
3,75945000,75975000,40.42164388,14.17790352,Teosinte/Landrace
3,76245000,76255000,67.77590213,10.47287184,Teosinte/Landrace
3,76645000,76665000,38.11038445,11.39478024,Teosinte/Landrace
3,76935000,77055000,18.52837451,10.67326837,Teosinte/Landrace
3,77525000,77575000,39.21459317,11.77428038,Teosinte/Landrace
3,78135000,78185000,30.19448104,14.11273911,Teosinte/Landrace
3,78205000,78215000,43.79114443,10.23681449,Teosinte/Landrace
3,78315000,78345000,39.58070223,15.80836736,Teosinte/Landrace
3,78735000,78775000,47.66999562,11.58465366,Teosinte/Landrace
3,79865000,79885000,37.84325841,10.25728084,Teosinte/Landrace
3,81495000,81535000,35.17216974,11.54223711,Teosinte/Landrace
3,87195000,87235000,28.10048322,12.20168549,Teosinte/Landrace
3,89085000,89235000,130.8975048,38.49997045,Teosinte/Landrace
3,89295000,89345000,64.22660247,20.37053678,Teosinte/Landrace
3,89405000,89435000,82.54811148,20.45293723,Teosinte/Landrace
3,89455000,89595000,96.1326163,29.69399797,Teosinte/Landrace
3,89675000,89715000,112.2274464,23.74425016,Teosinte/Landrace
3,93115000,93205000,24.70790922,13.17171864,Teosinte/Landrace
3,96265000,96395000,21.40107905,10.7064546,Teosinte/Landrace
3,96425000,96435000,43.40464273,10.13493478,Teosinte/Landrace
3,97325000,97355000,34.91771715,10.59604818,Teosinte/Landrace
3,105815000,105895000,21.5063149,11.03674456,Teosinte/Landrace
3,108765000,108845000,106.8401963,18.99019886,Teosinte/Landrace
3,108945000,108985000,31.8126323,11.41510044,Teosinte/Landrace
3,109195000,109215000,33.86764856,10.77777207,Teosinte/Landrace
3,109875000,109895000,96.13927743,32.24699855,Teosinte/Landrace
3,109935000,109965000,64.14420482,15.60176895,Teosinte/Landrace
3,109985000,110035000,29.38472379,11.87359588,Teosinte/Landrace
3,132725000,132795000,33.1813106,11.47742291,Teosinte/Landrace
3,133135000,133225000,21.51657971,11.79455889,Teosinte/Landrace
3,136695000,136735000,68.66848841,15.93251474,Teosinte/Landrace
3,137735000,137835000,155.4048109,30.71861492,Teosinte/Landrace
3,137865000,137915000,63.17541134,18.15810575,Teosinte/Landrace
3,176315000,176385000,59.71318688,12.0761643,Teosinte/Landrace
3,185235000,185265000,51.37028061,10.23622836,Teosinte/Landrace
3,194395000,194405000,59.28662191,12.80939312,Teosinte/Landrace
3,194435000,194465000,93.96136855,23.46140884,Teosinte/Landrace
3,194505000,194545000,83.36407182,30.65562755,Teosinte/Landrace
3,196535000,196545000,58.81926348,14.19814378,Teosinte/Landrace
3,196585000,196605000,54.22194048,18.36542251,Teosinte/Landrace
3,196815000,196835000,65.0339434,17.34779652,Teosinte/Landrace
4,2695000,2745000,109.264257,23.96965865,Teosinte/Landrace
4,6175000,6195000,100.9388354,19.2926435,Teosinte/Landrace
4,6215000,6245000,80.43860552,19.94323302,Teosinte/Landrace
4,6375000,6395000,39.52883264,10.98137798,Teosinte/Landrace
4,8445000,8485000,64.58340918,12.80996707,Teosinte/Landrace
4,13555000,13615000,51.98862442,13.29576746,Teosinte/Landrace
4,13635000,13655000,56.35763128,14.56199497,Teosinte/Landrace
4,14925000,14975000,40.29282973,14.97659586,Teosinte/Landrace
4,25245000,25315000,47.98948007,15.89071449,Teosinte/Landrace
4,31905000,31975000,111.1313599,25.72357246,Teosinte/Landrace
4,32075000,32085000,115.9724231,20.84389823,Teosinte/Landrace
4,32255000,32345000,45.961239,10.6922111,Teosinte/Landrace
4,34325000,34375000,33.04516824,13.51963786,Teosinte/Landrace
4,36905000,36925000,45.17833939,12.83794993,Teosinte/Landrace
4,44605000,44625000,52.81976211,11.44055578,Teosinte/Landrace
4,47505000,47525000,65.46728094,12.16376235,Teosinte/Landrace
4,51465000,51505000,129.6245148,27.05941078,Teosinte/Landrace
4,52155000,52185000,102.7864777,16.74397188,Teosinte/Landrace
4,52225000,52235000,51.20535271,11.04511753,Teosinte/Landrace
4,53755000,53905000,65.34341356,21.59600766,Teosinte/Landrace
4,53955000,54015000,67.75605146,20.59658758,Teosinte/Landrace
4,54065000,54125000,136.46609,28.80479499,Teosinte/Landrace
4,54165000,54195000,68.8433936,18.18062417,Teosinte/Landrace
4,54245000,54275000,81.5897716,13.0726845,Teosinte/Landrace
4,54855000,54945000,60.74276965,17.61633417,Teosinte/Landrace
4,54975000,55025000,50.23635209,11.70221155,Teosinte/Landrace
4,57225000,57245000,48.51390022,11.37714522,Teosinte/Landrace
4,65585000,65595000,68.68648787,11.87224231,Teosinte/Landrace
4,66475000,66525000,80.3244823,23.04688568,Teosinte/Landrace
4,75125000,75175000,82.25787231,18.65121429,Teosinte/Landrace
4,77445000,77465000,54.37487756,15.41331165,Teosinte/Landrace
4,85965000,86005000,57.97156228,20.0843418,Teosinte/Landrace
4,86055000,86065000,54.86742666,11.32928679,Teosinte/Landrace
4,87125000,87135000,53.34980934,10.34886886,Teosinte/Landrace
4,88925000,88965000,53.71322293,14.27979371,Teosinte/Landrace
4,97955000,97975000,37.37076279,10.82782971,Teosinte/Landrace
4,98075000,98155000,70.9522751,13.21650485,Teosinte/Landrace
4,98285000,98315000,88.10493619,14.2011165,Teosinte/Landrace
4,98355000,98395000,36.56198563,14.34637944,Teosinte/Landrace
4,98565000,98575000,48.81004948,10.45840481,Teosinte/Landrace
4,98785000,98795000,75.00822051,15.09387293,Teosinte/Landrace
4,102535000,102575000,72.1593148,12.53114877,Teosinte/Landrace
4,103875000,103935000,70.6781205,17.32428412,Teosinte/Landrace
4,104085000,104225000,65.19012007,14.01913047,Teosinte/Landrace
4,104415000,104495000,83.72445486,18.69044313,Teosinte/Landrace
4,105515000,105575000,87.98758218,15.53427788,Teosinte/Landrace
4,117915000,118035000,58.41251184,16.20409332,Teosinte/Landrace
4,118065000,118085000,49.65397014,15.08275347,Teosinte/Landrace
4,118505000,118615000,33.81271119,17.56230938,Teosinte/Landrace
4,119135000,119145000,64.85901511,12.039108,Teosinte/Landrace
4,120155000,120175000,66.84778382,14.11320212,Teosinte/Landrace
4,121755000,121785000,53.59209893,12.73973559,Teosinte/Landrace
4,131905000,131995000,25.70031948,11.65390953,Teosinte/Landrace
4,148345000,148355000,49.30712602,10.58016022,Teosinte/Landrace
4,174985000,174995000,58.59415396,12.85495254,Teosinte/Landrace
4,182595000,182605000,92.80777405,11.63107401,Teosinte/Landrace
4,198825000,198845000,37.75357748,10.10502396,Teosinte/Landrace
4,199665000,199675000,60.2645494,13.26410419,Teosinte/Landrace
4,235745000,235775000,66.53846991,23.4022097,Teosinte/Landrace
4,246375000,246385000,50.90770785,10.4091538,Teosinte/Landrace
4,246745000,246825000,50.88424424,10.96646426,Teosinte/Landrace
5,19055000,19065000,67.55476079,15.01894589,Teosinte/Landrace
5,29695000,29725000,31.02781129,10.50689155,Teosinte/Landrace
5,35235000,35265000,134.7323754,26.18203707,Teosinte/Landrace
5,35445000,35475000,123.1764153,15.60677992,Teosinte/Landrace
5,35565000,35665000,38.09412998,12.22779286,Teosinte/Landrace
5,37875000,37925000,68.14744364,13.56177942,Teosinte/Landrace
5,47705000,47785000,77.2864773,25.61670297,Teosinte/Landrace
5,47845000,47915000,75.54462948,23.97740595,Teosinte/Landrace
5,69935000,70025000,63.03312304,17.61202148,Teosinte/Landrace
5,70125000,70185000,83.93576557,15.05425733,Teosinte/Landrace
5,70225000,70275000,37.23340254,12.37272329,Teosinte/Landrace
5,71715000,71725000,76.01961807,17.06965796,Teosinte/Landrace
5,77045000,77115000,44.74583035,21.22746731,Teosinte/Landrace
5,99325000,99355000,38.2692345,12.27608659,Teosinte/Landrace
5,101185000,101195000,97.2217718,21.06658575,Teosinte/Landrace
5,101985000,101995000,57.60137028,11.27659724,Teosinte/Landrace
5,102855000,102915000,68.21240077,15.17826698,Teosinte/Landrace
5,110055000,110095000,57.92672731,12.68644059,Teosinte/Landrace
5,110135000,110185000,27.27862226,10.91063135,Teosinte/Landrace
5,110225000,110235000,61.17870296,11.27338332,Teosinte/Landrace
5,110675000,110705000,49.04024242,14.51954386,Teosinte/Landrace
5,110915000,110945000,33.01078577,10.30253578,Teosinte/Landrace
5,111185000,111195000,57.98298004,10.62563963,Teosinte/Landrace
5,111415000,111435000,35.8588941,10.38067583,Teosinte/Landrace
5,113665000,113725000,25.50112753,11.83337344,Teosinte/Landrace
5,119885000,119915000,60.33795809,14.53720282,Teosinte/Landrace
5,119945000,119965000,75.45841286,20.03622327,Teosinte/Landrace
5,120025000,120225000,122.4748742,26.87050073,Teosinte/Landrace
5,120245000,120395000,88.22568481,19.00219126,Teosinte/Landrace
5,120445000,120535000,117.2144005,54.91316904,Teosinte/Landrace
5,120555000,120595000,98.30455684,21.315442,Teosinte/Landrace
5,120655000,120805000,125.0197209,27.10486177,Teosinte/Landrace
5,120825000,120885000,59.80104861,22.37749437,Teosinte/Landrace
5,121815000,121955000,49.53104858,10.1058373,Teosinte/Landrace
5,127465000,127525000,84.46140882,19.11478189,Teosinte/Landrace
5,127655000,127755000,57.67620655,12.67644783,Teosinte/Landrace
5,127825000,127835000,77.33924211,12.2961291,Teosinte/Landrace
5,127865000,127915000,31.38154225,10.83493855,Teosinte/Landrace
5,128595000,128615000,62.26973044,18.93733201,Teosinte/Landrace
5,128835000,128855000,43.17370764,12.88680416,Teosinte/Landrace
5,129015000,129045000,34.39867565,10.59553826,Teosinte/Landrace
5,129105000,129145000,32.80450869,13.20057036,Teosinte/Landrace
5,129245000,129305000,63.6724578,14.33714544,Teosinte/Landrace
5,131355000,131435000,80.75552623,19.10613808,Teosinte/Landrace
5,131945000,131965000,124.9452936,28.92248312,Teosinte/Landrace
5,132825000,132835000,59.37901043,11.66178626,Teosinte/Landrace
5,132855000,132915000,52.52795027,12.9735121,Teosinte/Landrace
5,137345000,137385000,45.23126151,14.88900815,Teosinte/Landrace
5,146725000,146735000,61.56699656,10.50999019,Teosinte/Landrace
5,149315000,149325000,66.24047514,13.94616114,Teosinte/Landrace
5,152915000,152955000,51.6344035,13.0285744,Teosinte/Landrace
5,189585000,189715000,58.94625541,11.56801448,Teosinte/Landrace
5,208855000,208895000,61.28111797,12.80635317,Teosinte/Landrace
6,9265000,9295000,55.60727846,14.0638254,Teosinte/Landrace
6,9635000,9675000,49.72753885,15.00145596,Teosinte/Landrace
6,15515000,15525000,71.668349,17.64231869,Teosinte/Landrace
6,15635000,15735000,72.83793456,15.0185241,Teosinte/Landrace
6,17235000,17275000,41.31119018,10.56175081,Teosinte/Landrace
6,17295000,17365000,71.43909952,17.58189867,Teosinte/Landrace
6,18135000,18155000,89.03649039,14.05303038,Teosinte/Landrace
6,22605000,22715000,51.47561115,13.60342528,Teosinte/Landrace
6,24835000,24965000,141.5736586,36.06626418,Teosinte/Landrace
6,31315000,31335000,48.81758181,16.43297473,Teosinte/Landrace
6,37305000,37365000,85.9448546,30.91568072,Teosinte/Landrace
6,37395000,37405000,73.45960422,17.18484228,Teosinte/Landrace
6,37425000,37445000,105.2729773,32.45452821,Teosinte/Landrace
6,44305000,44455000,194.3216177,34.00969064,Teosinte/Landrace
6,44735000,44865000,114.7245811,26.36912445,Teosinte/Landrace
6,44945000,44985000,70.83211655,18.71408537,Teosinte/Landrace
6,45065000,45355000,98.8214937,33.70300049,Teosinte/Landrace
6,45435000,45445000,51.78316201,10.37580882,Teosinte/Landrace
6,45475000,45485000,69.70751974,15.31754048,Teosinte/Landrace
6,45515000,45585000,62.75800088,15.29394531,Teosinte/Landrace
6,45605000,45625000,73.85362663,11.52224004,Teosinte/Landrace
6,45665000,45725000,69.51365736,16.19823353,Teosinte/Landrace
6,45765000,45805000,82.13013766,20.39958312,Teosinte/Landrace
6,45895000,45905000,57.99112097,13.31724307,Teosinte/Landrace
6,59575000,59725000,38.55203224,14.09478282,Teosinte/Landrace
6,59865000,59925000,44.75928422,14.92034941,Teosinte/Landrace
6,78595000,78605000,45.10287564,10.64083574,Teosinte/Landrace
6,79135000,79165000,52.66000677,18.30632009,Teosinte/Landrace
6,79665000,79685000,84.17673233,16.21926021,Teosinte/Landrace
6,79705000,79805000,70.9756377,22.56367545,Teosinte/Landrace
6,85095000,85105000,94.68531752,16.76449261,Teosinte/Landrace
6,85195000,85225000,31.07158435,10.75575252,Teosinte/Landrace
6,87725000,87755000,36.87017529,13.65917433,Teosinte/Landrace
6,101785000,101895000,122.9513524,19.70620664,Teosinte/Landrace
6,113395000,113425000,34.69206896,13.6780189,Teosinte/Landrace
6,135405000,135445000,37.08237237,11.75363918,Teosinte/Landrace
6,146655000,146685000,37.7279933,10.6517815,Teosinte/Landrace
6,148095000,148185000,73.43653162,12.90167375,Teosinte/Landrace
6,149825000,149845000,33.88505754,10.86726306,Teosinte/Landrace
6,155205000,155245000,115.7595763,29.26281465,Teosinte/Landrace
7,18715000,18775000,40.34841659,13.69243541,Teosinte/Landrace
7,29895000,29935000,33.97489792,11.4910615,Teosinte/Landrace
7,35215000,35235000,63.68386383,12.88659929,Teosinte/Landrace
7,36765000,36775000,87.10908573,10.48789406,Teosinte/Landrace
7,39345000,39385000,60.21293027,12.75916921,Teosinte/Landrace
7,39475000,39525000,140.1230587,31.74133371,Teosinte/Landrace
7,39665000,39735000,68.67565829,13.2101876,Teosinte/Landrace
7,39795000,39815000,63.28963177,10.44932528,Teosinte/Landrace
7,39835000,39845000,58.87773795,11.12846526,Teosinte/Landrace
7,39865000,39885000,39.23943055,10.14002224,Teosinte/Landrace
7,40205000,40215000,126.7752134,28.57063434,Teosinte/Landrace
7,40235000,40275000,76.25068615,24.57556195,Teosinte/Landrace
7,52655000,52695000,37.50768542,11.17060154,Teosinte/Landrace
7,55365000,55385000,45.11857853,11.23531693,Teosinte/Landrace
7,55505000,55545000,45.20571546,12.33544346,Teosinte/Landrace
7,55955000,55965000,60.45078816,12.81567091,Teosinte/Landrace
7,55995000,56015000,56.68112377,12.50202181,Teosinte/Landrace
7,57205000,57325000,35.91892898,16.97446613,Teosinte/Landrace
7,57385000,57435000,29.72937098,10.17466214,Teosinte/Landrace
7,57535000,57605000,39.33286539,10.7505062,Teosinte/Landrace
7,58275000,58345000,25.56144166,10.32524407,Teosinte/Landrace
7,58885000,58915000,32.42619717,10.66700799,Teosinte/Landrace
7,59185000,59215000,42.35360207,14.50357847,Teosinte/Landrace
7,60175000,60215000,45.73265001,15.59445068,Teosinte/Landrace
7,60815000,60835000,54.99248437,10.92796267,Teosinte/Landrace
7,61725000,61735000,59.24796119,10.48330553,Teosinte/Landrace
7,62755000,62825000,33.92013892,14.70950141,Teosinte/Landrace
7,63235000,63265000,33.19307977,10.98253273,Teosinte/Landrace
7,63495000,63525000,38.8456911,10.3085126,Teosinte/Landrace
7,64355000,64415000,35.80353658,14.60123644,Teosinte/Landrace
7,64915000,64935000,43.2706919,11.71875416,Teosinte/Landrace
7,65145000,65165000,38.49997297,10.74998657,Teosinte/Landrace
7,65305000,65325000,38.30146871,10.68330148,Teosinte/Landrace
7,65395000,65435000,40.23363157,12.15263231,Teosinte/Landrace
7,65495000,65525000,40.5135361,13.51992079,Teosinte/Landrace
7,65545000,65575000,34.61560247,11.5678128,Teosinte/Landrace
7,66265000,66295000,35.0348147,10.50083702,Teosinte/Landrace
7,66405000,66435000,37.75521118,10.23393222,Teosinte/Landrace
7,67275000,67295000,39.22522337,10.429469,Teosinte/Landrace
7,67575000,67615000,36.2075542,14.11367655,Teosinte/Landrace
7,67995000,68035000,52.28019857,12.11003259,Teosinte/Landrace
7,68185000,68215000,35.19298215,11.80536881,Teosinte/Landrace
7,68765000,68785000,38.02632904,10.59087166,Teosinte/Landrace
7,69275000,69295000,48.3355733,10.42282675,Teosinte/Landrace
7,70445000,70455000,66.88567395,14.34423885,Teosinte/Landrace
7,70865000,70875000,61.08573705,12.96649915,Teosinte/Landrace
7,81155000,81195000,31.94562317,10.9802751,Teosinte/Landrace
7,81225000,81255000,31.69966959,10.36808685,Teosinte/Landrace
7,83455000,83495000,39.1544785,12.74582521,Teosinte/Landrace
7,83515000,83545000,52.28610808,10.87620086,Teosinte/Landrace
7,97325000,97355000,36.84587453,10.19431234,Teosinte/Landrace
7,98095000,98125000,49.6536938,14.49694325,Teosinte/Landrace
7,118465000,118495000,35.76022704,10.76778981,Teosinte/Landrace
7,127105000,127135000,34.42846021,10.06130087,Teosinte/Landrace
7,155735000,155765000,45.15490295,13.61944286,Teosinte/Landrace
7,180505000,180545000,146.3687215,33.2249529,Teosinte/Landrace
7,181025000,181055000,64.021441,18.83432814,Teosinte/Landrace
8,11355000,11475000,168.5469208,23.64264703,Teosinte/Landrace
8,30215000,30225000,174.3465692,21.89905145,Teosinte/Landrace
8,30935000,31055000,149.1942706,17.65435603,Teosinte/Landrace
8,31105000,31225000,82.34788529,22.54684835,Teosinte/Landrace
8,31265000,31335000,102.0230574,21.79151694,Teosinte/Landrace
8,31365000,31405000,35.7340764,10.90161455,Teosinte/Landrace
8,31435000,31465000,109.0779627,13.43134208,Teosinte/Landrace
8,31515000,31535000,49.35899089,12.70896499,Teosinte/Landrace
8,31575000,31695000,174.4234149,34.64120406,Teosinte/Landrace
8,31905000,32185000,164.8582183,25.31310986,Teosinte/Landrace
8,32225000,32315000,69.41061316,30.72177201,Teosinte/Landrace
8,32535000,32695000,189.3056523,33.71455149,Teosinte/Landrace
8,32735000,32765000,54.09699835,15.42765461,Teosinte/Landrace
8,32795000,32855000,115.3464922,20.1449038,Teosinte/Landrace
8,32875000,32925000,114.839943,24.55854099,Teosinte/Landrace
8,33045000,33185000,94.02687089,31.95526122,Teosinte/Landrace
8,77285000,77295000,60.01862139,11.17321756,Teosinte/Landrace
8,98355000,98405000,103.2744668,13.98219792,Teosinte/Landrace
8,98525000,98585000,50.50131194,10.91034081,Teosinte/Landrace
8,98635000,98645000,61.70853293,11.51987105,Teosinte/Landrace
8,98755000,98775000,54.00069146,10.88735808,Teosinte/Landrace
8,99305000,99325000,55.95771444,13.8728328,Teosinte/Landrace
8,99375000,99385000,75.22455212,14.29242757,Teosinte/Landrace
8,100185000,100225000,45.57179353,10.3845697,Teosinte/Landrace
8,102415000,102425000,86.41699555,16.58834632,Teosinte/Landrace
8,102475000,102495000,77.20286841,14.69824186,Teosinte/Landrace
8,109825000,109855000,36.25091873,10.90797353,Teosinte/Landrace
8,110025000,110055000,48.01129907,10.66770145,Teosinte/Landrace
8,111025000,111075000,65.42889211,17.37083128,Teosinte/Landrace
8,111105000,111145000,43.88163414,11.92485852,Teosinte/Landrace
8,111185000,111235000,62.42478343,12.78033505,Teosinte/Landrace
8,148245000,148265000,75.82373143,16.43601402,Teosinte/Landrace
8,154795000,154835000,65.2385927,10.95136318,Teosinte/Landrace
8,164165000,164195000,46.55911611,10.64075291,Teosinte/Landrace
8,165565000,165585000,356.5089787,71.99262456,Teosinte/Landrace
8,165705000,165815000,351.9063581,44.93500658,Teosinte/Landrace
8,165845000,165885000,269.3792255,59.28504967,Teosinte/Landrace
8,166095000,166105000,58.49113283,10.85988208,Teosinte/Landrace
8,166355000,166365000,87.25892283,12.98305492,Teosinte/Landrace
8,167285000,167335000,32.69171869,10.11408158,Teosinte/Landrace
9,10065000,10105000,60.65072059,14.74810057,Teosinte/Landrace
9,43535000,43585000,142.4901237,20.0004729,Teosinte/Landrace
9,43655000,43695000,32.82911556,11.01326901,Teosinte/Landrace
9,48275000,48375000,105.3115926,19.35491976,Teosinte/Landrace
9,48995000,49005000,50.0088518,10.50479675,Teosinte/Landrace
9,49745000,49765000,141.0544961,31.295689,Teosinte/Landrace
9,49935000,50005000,77.41094344,11.8527012,Teosinte/Landrace
9,50085000,50285000,272.3389437,119.4477166,Teosinte/Landrace
9,50335000,50355000,143.3102649,31.81080915,Teosinte/Landrace
9,50385000,50415000,39.9253295,11.0043468,Teosinte/Landrace
9,50615000,50645000,41.89802747,10.2379356,Teosinte/Landrace
9,50665000,50675000,56.32410766,10.68565759,Teosinte/Landrace
9,50725000,50805000,50.27055693,12.15544715,Teosinte/Landrace
9,50825000,50835000,148.2768021,23.29559875,Teosinte/Landrace
9,50855000,50865000,89.11977226,19.4360415,Teosinte/Landrace
9,50895000,50945000,60.63065694,16.85912447,Teosinte/Landrace
9,51095000,51115000,59.2106569,11.27523104,Teosinte/Landrace
9,53655000,53685000,63.67073291,12.70169775,Teosinte/Landrace
9,53725000,53785000,53.73348589,15.23479034,Teosinte/Landrace
9,54305000,54415000,73.33157227,15.01831939,Teosinte/Landrace
9,55715000,55775000,98.30422973,11.79431514,Teosinte/Landrace
9,55795000,55815000,70.77176525,14.46376718,Teosinte/Landrace
9,55895000,55925000,42.35067592,12.06931334,Teosinte/Landrace
9,56865000,57055000,41.62888065,11.20151956,Teosinte/Landrace
9,58725000,58735000,89.33311008,12.3232434,Teosinte/Landrace
9,59235000,59295000,84.65730161,13.02278981,Teosinte/Landrace
9,59325000,59335000,72.07607482,12.04032849,Teosinte/Landrace
9,59585000,59685000,85.05358594,13.08677889,Teosinte/Landrace
9,60395000,60425000,75.05158023,17.01532323,Teosinte/Landrace
9,60575000,60595000,83.48055697,18.14828833,Teosinte/Landrace
9,60615000,60625000,79.99715553,16.46233991,Teosinte/Landrace
9,60795000,60805000,92.06868177,15.57670916,Teosinte/Landrace
9,65085000,65185000,56.41808932,13.11071407,Teosinte/Landrace
9,85545000,85565000,51.14860341,12.27406459,Teosinte/Landrace
9,141075000,141095000,35.97896017,10.32513863,Teosinte/Landrace
9,141155000,141175000,93.82026296,22.46695549,Teosinte/Landrace
10,8001,55000,130.9900365,23.35201797,Teosinte/Landrace
10,115000,235000,215.364474,44.28828876,Teosinte/Landrace
10,255000,315000,80.96251238,23.12975441,Teosinte/Landrace
10,355000,375000,59.20612887,10.67890988,Teosinte/Landrace
10,395000,415000,116.5184491,15.83850149,Teosinte/Landrace
10,465000,475000,82.97115893,17.22700286,Teosinte/Landrace
10,515000,625000,81.23796658,18.44880185,Teosinte/Landrace
10,645000,685000,71.09306304,15.9761652,Teosinte/Landrace
10,17015000,17025000,67.92145589,13.8785076,Teosinte/Landrace
10,20125000,20255000,148.5766831,31.82395445,Teosinte/Landrace
10,22015000,22025000,58.99537354,11.89249203,Teosinte/Landrace
10,23205000,23215000,59.90663106,10.8183142,Teosinte/Landrace
10,30615000,30745000,68.18336994,11.56177963,Teosinte/Landrace
10,30785000,30795000,114.1297603,24.15965985,Teosinte/Landrace
10,30825000,30925000,56.52261586,12.60943465,Teosinte/Landrace
10,32375000,32445000,43.70501626,11.07019531,Teosinte/Landrace
10,32625000,32655000,49.34943836,11.93674596,Teosinte/Landrace
10,33205000,33225000,65.94041796,12.74815479,Teosinte/Landrace
10,33255000,33285000,49.07588117,12.6282778,Teosinte/Landrace
10,33485000,33545000,46.13195883,15.37827952,Teosinte/Landrace
10,33585000,33625000,38.54900962,12.9291479,Teosinte/Landrace
10,33825000,33915000,31.64445076,11.90086482,Teosinte/Landrace
10,33975000,34005000,34.66034648,10.44554412,Teosinte/Landrace
10,40335000,40355000,51.67903044,10.26463665,Teosinte/Landrace
10,40615000,40635000,49.41033383,10.69139233,Teosinte/Landrace
10,41275000,41285000,56.51298282,11.3401706,Teosinte/Landrace
10,60535000,60605000,107.2667912,35.7854064,Teosinte/Landrace
10,60715000,60735000,87.97419626,17.3990011,Teosinte/Landrace
10,60785000,60925000,103.9547507,22.96447024,Teosinte/Landrace
10,61235000,61315000,130.7966046,30.52782305,Teosinte/Landrace
10,61335000,61355000,46.23880434,10.71308498,Teosinte/Landrace
10,76265000,76275000,82.19432383,14.26853424,Teosinte/Landrace
10,84695000,84735000,63.40256566,15.23162614,Teosinte/Landrace
10,92215000,92225000,79.85088898,16.53275599,Teosinte/Landrace
10,92255000,92295000,81.85583181,18.59939532,Teosinte/Landrace
10,92325000,92335000,130.3260284,26.33854199,Teosinte/Landrace
10,92405000,92445000,74.54983515,17.50544844,Teosinte/Landrace
10,92495000,92505000,88.13932682,14.23468425,Teosinte/Landrace
10,94795000,94805000,111.2250495,19.6727001,Teosinte/Landrace
10,99445000,99465000,113.5503547,15.19837734,Teosinte/Landrace
10,99525000,99535000,64.40014662,13.09503118,Teosinte/Landrace
10,109825000,109845000,165.5526753,37.33868669,Teosinte/Landrace
10,109875000,109905000,76.90872554,20.70255788,Teosinte/Landrace
10,109925000,109935000,104.1144703,12.01226782,Teosinte/Landrace
10,109975000,110095000,80.17679201,16.60526804,Teosinte/Landrace
10,112395000,112405000,55.91589935,11.20732205,Teosinte/Landrace
10,115365000,115375000,55.55073015,11.12607345,Teosinte/Landrace
10,132345000,132375000,57.43037753,15.48828635,Teosinte/Landrace
1,17625000,17655000,39.06782202,11.88074623,Landrace/Maize
1,23265000,23295000,61.88276436,12.56248636,Landrace/Maize
1,27075000,27095000,40.69416889,11.47810972,Landrace/Maize
1,43965000,43975000,64.20428909,14.61962318,Landrace/Maize
1,47625000,47695000,68.73076392,12.80939527,Landrace/Maize
1,53215000,53285000,74.63827907,17.20095286,Landrace/Maize
1,54715000,54735000,50.11880224,12.19770135,Landrace/Maize
1,62375000,62425000,64.99235429,15.53767048,Landrace/Maize
1,67315000,67355000,85.55614337,19.90199123,Landrace/Maize
1,69925000,69945000,59.78794048,13.52703522,Landrace/Maize
1,69985000,69995000,65.39469991,14.91412631,Landrace/Maize
1,73875000,73885000,68.74746857,15.74358861,Landrace/Maize
1,76085000,76135000,36.74394247,13.55509407,Landrace/Maize
1,79995000,80075000,57.45617143,19.63989668,Landrace/Maize
1,80105000,80135000,43.62796968,15.94526678,Landrace/Maize
1,80165000,80225000,33.17671486,11.61872888,Landrace/Maize
1,83935000,83975000,48.49677712,10.73364408,Landrace/Maize
1,99905000,99985000,52.56319792,26.25068051,Landrace/Maize
1,100025000,100095000,256.3267668,76.11789135,Landrace/Maize
1,102645000,102665000,68.78058441,11.1381914,Landrace/Maize
1,102965000,103025000,57.26413059,15.26662632,Landrace/Maize
1,107085000,107185000,90.39848388,18.44960331,Landrace/Maize
1,107265000,107335000,51.20355808,19.75108018,Landrace/Maize
1,107425000,107445000,65.79466385,17.76371094,Landrace/Maize
1,107495000,107545000,49.92366589,13.68084182,Landrace/Maize
1,107575000,107605000,90.1826709,18.82463043,Landrace/Maize
1,107635000,107675000,72.75151212,15.87543124,Landrace/Maize
1,127035000,127085000,92.69137389,21.66722029,Landrace/Maize
1,127275000,127285000,95.49357747,17.32034935,Landrace/Maize
1,127915000,128015000,68.33654226,16.40539143,Landrace/Maize
1,128165000,128225000,81.47828524,15.80713881,Landrace/Maize
1,128855000,128885000,40.87289483,13.41793513,Landrace/Maize
1,128975000,128995000,67.63232405,15.46770607,Landrace/Maize
1,129405000,129465000,71.11901141,13.66290868,Landrace/Maize
1,129575000,129585000,59.41007423,12.74418693,Landrace/Maize
1,129635000,129655000,65.21189619,18.80783784,Landrace/Maize
1,129715000,129725000,51.36670579,11.44365359,Landrace/Maize
1,130275000,130305000,57.89376812,18.46740052,Landrace/Maize
1,130345000,130395000,33.89782601,11.91724946,Landrace/Maize
1,130415000,130445000,51.53136776,13.5885139,Landrace/Maize
1,130475000,130645000,49.08016796,22.19209997,Landrace/Maize
1,130895000,130925000,45.64042636,16.16804153,Landrace/Maize
1,131105000,131115000,53.35339528,11.93515306,Landrace/Maize
1,131205000,131215000,53.51396994,11.36036734,Landrace/Maize
1,131245000,131265000,43.31254667,11.57516796,Landrace/Maize
1,132035000,132125000,68.42897402,11.07668225,Landrace/Maize
1,132215000,132455000,104.5922969,13.48025382,Landrace/Maize
1,132545000,132565000,57.29997849,11.54841709,Landrace/Maize
1,133145000,133225000,44.11580433,13.6468893,Landrace/Maize
1,134585000,134775000,60.1329673,12.91385041,Landrace/Maize
1,134845000,134875000,126.7333381,13.45624278,Landrace/Maize
1,135095000,135165000,68.53932327,15.69209425,Landrace/Maize
1,135225000,135235000,78.38758746,16.21463906,Landrace/Maize
1,136645000,136665000,44.66234789,11.15664023,Landrace/Maize
1,137905000,138025000,54.81586998,13.47064889,Landrace/Maize
1,140095000,140105000,78.6085354,15.21313925,Landrace/Maize
1,140625000,140705000,56.43196271,14.4765554,Landrace/Maize
1,140905000,140915000,67.99803973,12.05131653,Landrace/Maize
1,146355000,146385000,63.74847326,12.13730658,Landrace/Maize
1,151035000,151085000,29.92628251,13.72805738,Landrace/Maize
1,155325000,155385000,47.11792878,13.14561633,Landrace/Maize
1,159185000,159215000,53.36827514,11.32617268,Landrace/Maize
1,166905000,166945000,37.84128758,11.45161729,Landrace/Maize
1,168735000,168745000,83.6886057,18.44237435,Landrace/Maize
1,168785000,168815000,119.4261676,39.99580822,Landrace/Maize
1,168895000,168915000,106.718338,19.47137591,Landrace/Maize
1,169105000,169185000,38.39606486,20.17097495,Landrace/Maize
1,169205000,169215000,54.03615658,12.10406562,Landrace/Maize
1,169735000,169745000,55.60101228,11.17247341,Landrace/Maize
1,175575000,175615000,52.89444539,15.41349444,Landrace/Maize
1,175725000,175795000,50.10598798,12.59805831,Landrace/Maize
1,176245000,176335000,51.75696573,12.10346641,Landrace/Maize
1,195025000,195055000,39.26479229,14.1390289,Landrace/Maize
1,208395000,208485000,53.60395147,23.69245257,Landrace/Maize
1,210375000,210425000,39.41948903,10.73651112,Landrace/Maize
1,221325000,221355000,38.88587972,14.47292022,Landrace/Maize
1,221585000,221615000,48.88686744,10.83015095,Landrace/Maize
1,221945000,221965000,37.02211481,11.16501242,Landrace/Maize
1,235115000,235195000,48.71428364,12.76813401,Landrace/Maize
1,235345000,235395000,54.18530108,26.03946554,Landrace/Maize
1,235575000,235635000,46.06404485,11.55202402,Landrace/Maize
1,242305000,242325000,41.70478088,11.45165713,Landrace/Maize
1,242525000,242535000,71.70194126,14.73525327,Landrace/Maize
1,249245000,249255000,61.69592743,13.99906398,Landrace/Maize
1,266585000,266675000,41.42366685,14.20460867,Landrace/Maize
1,266755000,266805000,75.60442694,11.03000816,Landrace/Maize
1,268285000,268425000,29.77602643,11.57811256,Landrace/Maize
1,272745000,272775000,41.43122015,11.36605062,Landrace/Maize
2,12365000,12375000,89.36762651,19.98993276,Landrace/Maize
2,12415000,12425000,77.58709034,18.24512228,Landrace/Maize
2,14375000,14385000,55.12056583,12.60509272,Landrace/Maize
2,27645000,27655000,49.60409886,11.82716162,Landrace/Maize
2,41135000,41185000,31.72333589,12.0832642,Landrace/Maize
2,67715000,67755000,64.18364787,14.88030225,Landrace/Maize
2,67785000,67815000,78.47575468,16.28743371,Landrace/Maize
2,68975000,68985000,58.25230508,14.1156582,Landrace/Maize
2,109895000,110035000,59.13814427,15.91744497,Landrace/Maize
2,110075000,110115000,30.70754841,11.62551659,Landrace/Maize
2,114435000,114455000,65.65921384,11.36722338,Landrace/Maize
2,117325000,117485000,96.30805196,29.08093226,Landrace/Maize
2,117535000,117605000,103.8222166,21.72332607,Landrace/Maize
2,118325000,118355000,54.28410072,10.93145535,Landrace/Maize
2,124455000,124485000,41.29128958,16.67517728,Landrace/Maize
2,124775000,124805000,35.62919988,12.85325228,Landrace/Maize
2,124855000,124875000,47.382196,11.23919956,Landrace/Maize
2,125145000,125415000,55.2594145,19.76220611,Landrace/Maize
2,125445000,125525000,37.62003015,15.7242703,Landrace/Maize
2,125695000,125865000,60.66157256,22.29318105,Landrace/Maize
2,125885000,125915000,37.80770066,11.01179391,Landrace/Maize
2,125965000,125985000,38.81133976,12.68715227,Landrace/Maize
2,126085000,126175000,42.35020495,12.61406722,Landrace/Maize
2,126285000,126325000,51.66478304,16.14417973,Landrace/Maize
2,126355000,126395000,48.4473206,14.40846716,Landrace/Maize
2,126465000,126505000,63.27789485,17.56127822,Landrace/Maize
2,126535000,126665000,54.00188698,20.2857236,Landrace/Maize
2,132195000,132215000,38.66908662,10.9412929,Landrace/Maize
2,132235000,132245000,72.22468874,17.81304371,Landrace/Maize
2,135205000,135255000,51.39397328,18.47031517,Landrace/Maize
2,135305000,135335000,29.6117318,11.13170519,Landrace/Maize
2,135365000,135455000,57.68827324,15.51080849,Landrace/Maize
2,142675000,142685000,48.16443961,11.44619761,Landrace/Maize
2,142735000,142765000,52.11565181,13.10148012,Landrace/Maize
2,142795000,142855000,77.0737341,15.97702947,Landrace/Maize
2,143035000,143055000,47.25128272,14.17276833,Landrace/Maize
2,143135000,143275000,66.33709353,27.8584713,Landrace/Maize
2,143295000,143355000,64.17184345,15.6820921,Landrace/Maize
2,143375000,143485000,67.05797539,20.02600492,Landrace/Maize
2,143535000,143565000,59.73637669,19.99841435,Landrace/Maize
2,143625000,143715000,70.60423435,17.38423752,Landrace/Maize
2,143795000,143895000,57.75028401,20.73986319,Landrace/Maize
2,146085000,146095000,48.39528514,11.50728418,Landrace/Maize
2,146735000,146825000,70.68290905,26.0548165,Landrace/Maize
2,149305000,149325000,51.42845288,12.30992392,Landrace/Maize
2,158325000,158345000,88.57163538,15.65448735,Landrace/Maize
2,158615000,158635000,44.68362857,11.03882018,Landrace/Maize
2,172885000,172915000,42.75256873,13.43532926,Landrace/Maize
2,196175000,196205000,61.68591233,11.63774379,Landrace/Maize
2,204505000,204635000,46.77414487,17.16242313,Landrace/Maize
2,225235000,225275000,54.83156566,24.71450552,Landrace/Maize
2,226955000,226965000,57.8127481,13.99934222,Landrace/Maize
2,239325000,239335000,49.01847686,11.67219377,Landrace/Maize
3,4775000,4785000,40.98257681,12.05175025,Landrace/Maize
3,21515000,21535000,34.26441125,11.241023,Landrace/Maize
3,23625000,23635000,47.09798302,12.5646792,Landrace/Maize
3,26275000,26285000,48.53713777,12.14617812,Landrace/Maize
3,34605000,34665000,30.4630992,17.23666222,Landrace/Maize
3,49515000,49545000,26.46743789,11.33110963,Landrace/Maize
3,51455000,51485000,64.71799678,17.66646777,Landrace/Maize
3,51715000,51735000,64.63919064,13.98159259,Landrace/Maize
3,58895000,58905000,44.54061009,13.21304551,Landrace/Maize
3,60745000,60795000,26.56545136,16.09469616,Landrace/Maize
3,62645000,62745000,70.85630682,15.41644302,Landrace/Maize
3,71225000,71265000,41.75356977,13.47769089,Landrace/Maize
3,80175000,80225000,48.31382534,13.70332548,Landrace/Maize
3,105355000,105405000,56.84026023,16.3434316,Landrace/Maize
3,105585000,105605000,49.13804705,14.71358847,Landrace/Maize
3,107415000,107425000,45.90836713,13.65946342,Landrace/Maize
3,124025000,124065000,37.64978211,15.11278955,Landrace/Maize
3,124745000,124835000,47.07623798,14.72594862,Landrace/Maize
3,127345000,127375000,48.14589431,12.03933938,Landrace/Maize
3,137785000,137835000,99.5124443,31.15512919,Landrace/Maize
3,137875000,137905000,51.04319079,16.38613985,Landrace/Maize
3,145875000,145895000,44.94628724,11.93653622,Landrace/Maize
3,147095000,147115000,56.12881378,14.5815516,Landrace/Maize
3,155295000,155325000,28.66459734,12.69863785,Landrace/Maize
3,159555000,159605000,41.79770788,13.49347198,Landrace/Maize
3,159805000,159895000,44.3863341,12.48722593,Landrace/Maize
3,160635000,160825000,62.30362191,19.01065894,Landrace/Maize
3,162225000,162255000,44.32000352,12.46668747,Landrace/Maize
3,168535000,168555000,46.0472225,12.25793145,Landrace/Maize
3,168605000,168615000,39.13042356,11.44723179,Landrace/Maize
3,176295000,176435000,58.08960997,17.63526087,Landrace/Maize
3,176635000,176665000,35.36232963,17.39956348,Landrace/Maize
3,176705000,176725000,37.27169751,10.84056805,Landrace/Maize
3,182155000,182195000,83.54405425,16.07456359,Landrace/Maize
3,184345000,184365000,49.26759169,11.42984786,Landrace/Maize
3,184725000,184815000,58.04071196,27.85856129,Landrace/Maize
3,188155000,188175000,47.85710364,13.5619072,Landrace/Maize
3,196665000,196695000,31.0113091,11.80276231,Landrace/Maize
3,206535000,206555000,45.27828022,15.91876426,Landrace/Maize
3,208465000,208485000,54.45132025,20.14432313,Landrace/Maize
3,211545000,211555000,44.46111989,13.18710096,Landrace/Maize
3,212775000,212835000,44.21299661,26.53786386,Landrace/Maize
3,212905000,212925000,31.18342219,12.52064794,Landrace/Maize
3,212955000,213075000,44.40139922,13.81030474,Landrace/Maize
3,214235000,214305000,46.91238563,15.32216813,Landrace/Maize
3,215905000,215945000,38.40730413,11.21121512,Landrace/Maize
3,217115000,217145000,60.50090293,23.3025397,Landrace/Maize
3,226565000,226595000,29.83830076,11.89976584,Landrace/Maize
3,227395000,227405000,59.8272207,15.22921558,Landrace/Maize
4,4385000,4535000,39.0606523,14.59342263,Landrace/Maize
4,10805000,10835000,41.37716987,13.22482145,Landrace/Maize
4,11915000,11945000,76.74106144,18.43930604,Landrace/Maize
4,20835000,20845000,57.42016842,14.20300191,Landrace/Maize
4,42155000,42195000,61.41657675,10.80852848,Landrace/Maize
4,43475000,43495000,58.04897219,13.63574304,Landrace/Maize
4,43685000,43825000,67.88326723,33.21180159,Landrace/Maize
4,45735000,45765000,36.06294462,11.90436595,Landrace/Maize
4,54075000,54225000,57.59134441,14.24937086,Landrace/Maize
4,60235000,60265000,65.28766937,14.51263051,Landrace/Maize
4,67245000,67325000,91.12722536,12.78040814,Landrace/Maize
4,78985000,78995000,45.30165678,10.92028317,Landrace/Maize
4,85635000,85655000,65.45428836,17.17877747,Landrace/Maize
4,91355000,91365000,47.87042148,11.61612209,Landrace/Maize
4,91535000,91575000,36.09012554,15.985353,Landrace/Maize
4,91785000,91825000,44.6423282,12.2474009,Landrace/Maize
4,96995000,97065000,47.06855084,16.12048978,Landrace/Maize
4,97885000,97965000,55.60279888,15.63260822,Landrace/Maize
4,98025000,98085000,92.42872361,12.97351096,Landrace/Maize
4,98275000,98315000,42.78708456,10.73888402,Landrace/Maize
4,98525000,98555000,52.40160589,14.64390051,Landrace/Maize
4,99215000,99255000,62.82345288,12.1353494,Landrace/Maize
4,101025000,101045000,53.75636733,11.0527261,Landrace/Maize
4,101695000,101735000,38.43596159,12.81344203,Landrace/Maize
4,103815000,103835000,71.08639685,16.98614919,Landrace/Maize
4,113165000,113185000,53.01237988,10.88411001,Landrace/Maize
4,115925000,115975000,46.96578952,13.45443286,Landrace/Maize
4,123765000,123795000,58.95343178,13.07504026,Landrace/Maize
4,130715000,130735000,37.24350412,11.72252376,Landrace/Maize
4,145435000,145495000,52.07624209,13.72255852,Landrace/Maize
4,150815000,150875000,54.07622602,11.12521835,Landrace/Maize
4,151345000,151405000,60.19300788,14.69016753,Landrace/Maize
4,151435000,151445000,72.26838874,11.52660125,Landrace/Maize
4,152105000,152175000,38.46295182,14.04774901,Landrace/Maize
4,152205000,152215000,87.9701366,12.31199205,Landrace/Maize
4,152325000,152365000,52.41901437,10.74963063,Landrace/Maize
4,152405000,152415000,109.3292422,28.26437301,Landrace/Maize
4,152445000,152565000,95.6534757,39.60151634,Landrace/Maize
4,155285000,155305000,36.24534107,11.03970378,Landrace/Maize
4,155655000,155665000,44.91174572,10.81466225,Landrace/Maize
4,162525000,162655000,110.8544599,27.20589477,Landrace/Maize
4,162715000,162755000,36.12056669,13.59823416,Landrace/Maize
4,162795000,162895000,76.98506956,19.73788304,Landrace/Maize
4,168825000,168865000,43.67920837,11.4811267,Landrace/Maize
4,182865000,182915000,51.34524167,16.37284323,Landrace/Maize
4,198735000,198755000,36.65180291,12.12995093,Landrace/Maize
4,206935000,206965000,40.88525787,12.6784777,Landrace/Maize
4,207005000,207015000,76.27863858,12.21364726,Landrace/Maize
4,212185000,212305000,88.69377816,31.2547001,Landrace/Maize
4,212345000,212385000,83.8323396,21.35765357,Landrace/Maize
4,230145000,230175000,38.47340268,13.14456843,Landrace/Maize
4,230995000,231005000,51.53591967,11.27787652,Landrace/Maize
4,233065000,233095000,41.48611655,12.50581127,Landrace/Maize
5,15585000,15625000,45.2314165,13.50103319,Landrace/Maize
5,26445000,26475000,59.18478139,11.94733805,Landrace/Maize
5,26885000,26905000,53.03566065,11.14945513,Landrace/Maize
5,30195000,30245000,50.64024562,12.07090336,Landrace/Maize
5,30285000,30305000,62.26950655,11.91203479,Landrace/Maize
5,32645000,32675000,54.24756634,11.4340759,Landrace/Maize
5,32765000,32825000,89.08989003,19.52547159,Landrace/Maize
5,35445000,35465000,73.5514479,18.8931991,Landrace/Maize
5,35515000,35535000,49.62000015,14.26273288,Landrace/Maize
5,35575000,35665000,49.02820993,14.43670179,Landrace/Maize
5,35685000,35695000,80.8412569,16.77244333,Landrace/Maize
5,40435000,40455000,71.00520644,16.11984892,Landrace/Maize
5,43215000,43265000,61.12747011,13.04984807,Landrace/Maize
5,44915000,44935000,59.92310992,12.11183909,Landrace/Maize
5,49665000,49685000,57.20626942,11.50652169,Landrace/Maize
5,53995000,54015000,65.7363848,11.82390508,Landrace/Maize
5,54095000,54135000,48.79427199,12.84308285,Landrace/Maize
5,54605000,54635000,57.77881293,18.18956601,Landrace/Maize
5,54745000,54765000,70.6805545,15.29342712,Landrace/Maize
5,54805000,54815000,62.96870904,12.05890906,Landrace/Maize
5,60865000,60875000,52.62568677,11.05317117,Landrace/Maize
5,64375000,64405000,48.05904807,11.80929782,Landrace/Maize
5,80985000,81215000,87.96280645,14.99017386,Landrace/Maize
5,81565000,81575000,57.00351341,12.08132079,Landrace/Maize
5,82045000,82075000,73.31132648,15.09476004,Landrace/Maize
5,98975000,99015000,98.53627137,19.53022077,Landrace/Maize
5,113135000,113165000,32.5171157,10.96491218,Landrace/Maize
5,113375000,113435000,29.22367438,13.61210228,Landrace/Maize
5,113495000,113525000,40.68758492,14.28848643,Landrace/Maize
5,114165000,114235000,57.10853145,20.25718694,Landrace/Maize
5,118575000,118645000,84.91033281,16.66796011,Landrace/Maize
5,119625000,119645000,59.34266816,12.63068039,Landrace/Maize
5,119695000,119735000,84.89127072,16.66395594,Landrace/Maize
5,124715000,124745000,81.65844635,12.63714917,Landrace/Maize
5,126015000,126095000,101.0569771,14.18436367,Landrace/Maize
5,128085000,128195000,59.99161217,12.78308741,Landrace/Maize
5,128235000,128325000,64.36659921,19.5310956,Landrace/Maize
5,131105000,131155000,88.35790237,18.97376455,Landrace/Maize
5,132655000,132755000,96.07825657,33.61212798,Landrace/Maize
5,135195000,135215000,60.50393531,12.24124813,Landrace/Maize
5,141755000,141765000,115.4168875,18.24330476,Landrace/Maize
5,142045000,142075000,46.61662035,12.93599116,Landrace/Maize
5,142155000,142165000,88.62463265,16.32128243,Landrace/Maize
5,142295000,142335000,219.9490735,50.3497197,Landrace/Maize
5,142355000,142405000,217.5831466,38.57032275,Landrace/Maize
5,142435000,142485000,151.7259164,36.00271908,Landrace/Maize
5,142505000,142545000,165.7765676,33.65469767,Landrace/Maize
5,142565000,142585000,167.0100254,41.53574949,Landrace/Maize
5,149315000,149335000,56.33389207,11.92405761,Landrace/Maize
5,160195000,160215000,95.12323789,11.52073407,Landrace/Maize
5,172215000,172235000,55.17890658,16.06228291,Landrace/Maize
5,172255000,172355000,83.07375371,20.75577417,Landrace/Maize
5,179325000,179395000,50.94249089,11.67510732,Landrace/Maize
5,186265000,186295000,35.68639573,12.25410833,Landrace/Maize
5,189885000,189915000,54.94001931,16.40021207,Landrace/Maize
5,190815000,190965000,91.2290472,12.72457561,Landrace/Maize
5,218165000,218195000,57.69135774,16.4255253,Landrace/Maize
6,33001,65000,40.58959484,17.67506961,Landrace/Maize
6,14725000,14765000,41.58872423,18.16086304,Landrace/Maize
6,14845000,14925000,58.9564124,18.94297554,Landrace/Maize
6,14955000,15005000,48.30024857,11.57034638,Landrace/Maize
6,15255000,15345000,41.62204202,12.30592962,Landrace/Maize
6,22545000,22575000,32.23943419,11.11666772,Landrace/Maize
6,23795000,23885000,49.84631041,14.31444292,Landrace/Maize
6,24695000,24845000,45.10122253,13.45117246,Landrace/Maize
6,28105000,28135000,41.95830925,11.83878151,Landrace/Maize
6,28215000,28265000,43.65577787,17.05298371,Landrace/Maize
6,28345000,28375000,37.54266638,18.10499744,Landrace/Maize
6,28595000,28665000,53.13473629,19.69762325,Landrace/Maize
6,28735000,28765000,63.25877851,23.4311706,Landrace/Maize
6,31475000,31515000,52.83991505,11.81569014,Landrace/Maize
6,52625000,52645000,71.37339702,14.89927194,Landrace/Maize
6,61025000,61065000,42.3047103,11.33439372,Landrace/Maize
6,82255000,82285000,30.62092263,10.79648387,Landrace/Maize
6,82365000,82435000,51.23568793,15.47045618,Landrace/Maize
6,87705000,87745000,43.64307206,12.657431,Landrace/Maize
6,92615000,92645000,42.27985542,13.07928525,Landrace/Maize
6,93855000,93995000,89.66011761,16.95617587,Landrace/Maize
6,103175000,103275000,32.86098104,12.38299798,Landrace/Maize
6,106245000,106285000,41.07611533,13.68022881,Landrace/Maize
6,114055000,114085000,45.52461635,12.29310698,Landrace/Maize
6,127465000,127535000,37.35290239,13.55129318,Landrace/Maize
6,127725000,127755000,36.0016379,13.37518054,Landrace/Maize
6,128125000,128175000,64.83824764,14.73258517,Landrace/Maize
6,129315000,129335000,47.43673388,13.55819358,Landrace/Maize
6,129425000,129455000,40.10578345,19.4983254,Landrace/Maize
6,131415000,131455000,25.20237921,11.39673301,Landrace/Maize
6,138485000,138605000,66.40702788,19.51204979,Landrace/Maize
6,138635000,138675000,59.60084877,18.22401855,Landrace/Maize
6,138715000,138755000,61.17586438,18.74246689,Landrace/Maize
6,138885000,138955000,38.2171903,13.90497048,Landrace/Maize
6,139025000,139095000,38.48782752,10.74956544,Landrace/Maize
6,139135000,139235000,51.13169467,13.39517002,Landrace/Maize
6,139265000,139305000,49.20821264,13.38988203,Landrace/Maize
6,139335000,139375000,73.14305136,13.67758529,Landrace/Maize
6,139625000,139655000,36.69526855,13.28218129,Landrace/Maize
6,155785000,155805000,49.08133197,15.41768151,Landrace/Maize
6,172485000,172605000,55.82773346,16.19172182,Landrace/Maize
7,7065000,7075000,48.33253629,11.56546328,Landrace/Maize
7,9085000,9115000,65.29228125,14.44354744,Landrace/Maize
7,13745000,13775000,37.00605394,13.97479089,Landrace/Maize
7,22335000,22345000,72.57401055,15.15698986,Landrace/Maize
7,22375000,22525000,57.58487931,12.34684198,Landrace/Maize
7,29465000,29485000,54.07891273,13.11826654,Landrace/Maize
7,38365000,38385000,82.52200061,13.15775917,Landrace/Maize
7,38945000,39085000,43.76592944,12.22434943,Landrace/Maize
7,73445000,73465000,63.19943188,12.07041663,Landrace/Maize
7,74445000,74525000,22.15260956,12.13413308,Landrace/Maize
7,74725000,74755000,56.24731071,15.01221823,Landrace/Maize
7,102315000,102325000,53.6032767,11.61837552,Landrace/Maize
7,103235000,103255000,37.07464655,12.05379785,Landrace/Maize
7,108385000,108435000,97.53492326,20.80027302,Landrace/Maize
7,108685000,108775000,36.33552019,13.4213908,Landrace/Maize
7,110765000,110855000,160.9469923,34.04088825,Landrace/Maize
7,110945000,110965000,91.85332246,29.50503974,Landrace/Maize
7,111005000,111025000,141.9007082,26.0566998,Landrace/Maize
7,111285000,111345000,69.34619276,21.11930119,Landrace/Maize
7,118445000,118535000,75.92761645,19.02228947,Landrace/Maize
7,119795000,119815000,49.41574148,12.4369539,Landrace/Maize
7,122605000,122665000,47.78170114,10.83075191,Landrace/Maize
7,123315000,123335000,76.85657765,19.27331618,Landrace/Maize
7,123375000,123385000,84.31647078,21.28915111,Landrace/Maize
7,123485000,123525000,43.9304857,11.83037792,Landrace/Maize
7,137105000,137125000,89.03945558,22.56541037,Landrace/Maize
7,143125000,143215000,49.07579296,12.889345,Landrace/Maize
7,143235000,143245000,58.82228317,14.40003447,Landrace/Maize
7,143285000,143335000,48.1205602,16.67694076,Landrace/Maize
7,145185000,145215000,53.92918607,12.40669702,Landrace/Maize
7,145765000,145785000,45.15001212,15.13982363,Landrace/Maize
7,146325000,146445000,93.04913096,23.648917,Landrace/Maize
7,147155000,147185000,65.56881054,11.47146511,Landrace/Maize
7,152855000,152925000,25.00930846,13.82474368,Landrace/Maize
7,154485000,154555000,35.41142547,10.8322488,Landrace/Maize
7,154635000,154705000,41.70503127,11.56541393,Landrace/Maize
7,154965000,154985000,51.45857647,13.01591847,Landrace/Maize
7,160995000,161005000,65.3765539,13.52975426,Landrace/Maize
7,162125000,162155000,66.6270854,21.52519609,Landrace/Maize
7,164595000,164625000,48.72206372,11.67072256,Landrace/Maize
8,2425000,2435000,66.92177534,15.12925976,Landrace/Maize
8,22175000,22245000,94.60770329,15.45203772,Landrace/Maize
8,22605000,22635000,49.32172492,17.163708,Landrace/Maize
8,22665000,22725000,111.4648096,22.46993258,Landrace/Maize
8,27825000,27845000,36.38866998,11.24591297,Landrace/Maize
8,27905000,27975000,40.41038773,12.29130108,Landrace/Maize
8,28145000,28205000,97.2771142,22.50071824,Landrace/Maize
8,28225000,28255000,89.32872203,27.21226536,Landrace/Maize
8,28295000,28355000,123.2947601,43.22822391,Landrace/Maize
8,28385000,28475000,104.7231735,32.96273618,Landrace/Maize
8,28845000,28895000,38.79261287,13.44495049,Landrace/Maize
8,28935000,28945000,49.71992128,11.61632863,Landrace/Maize
8,28965000,28985000,70.66509108,16.03828261,Landrace/Maize
8,41935000,41955000,36.06386837,12.07319373,Landrace/Maize
8,43445000,43505000,49.7840151,13.98093039,Landrace/Maize
8,63915000,63955000,51.46429855,11.37558239,Landrace/Maize
8,74385000,74405000,59.01579934,13.20938088,Landrace/Maize
8,74695000,74715000,37.32058348,10.87357654,Landrace/Maize
8,80615000,80635000,47.33713073,11.00259422,Landrace/Maize
8,83675000,83685000,55.21623486,13.7369467,Landrace/Maize
8,83785000,83815000,112.1160515,33.27644373,Landrace/Maize
8,91805000,91885000,25.50501634,16.03798976,Landrace/Maize
8,91965000,91985000,40.01390404,11.76916198,Landrace/Maize
8,100465000,100515000,40.16984871,12.2086937,Landrace/Maize
8,100585000,100635000,54.30452591,14.14781857,Landrace/Maize
8,101535000,101565000,62.35910989,16.4413928,Landrace/Maize
8,104385000,104395000,64.99330117,14.66095113,Landrace/Maize
8,112705000,112765000,32.45825672,10.9527357,Landrace/Maize
8,113905000,113965000,100.9386741,14.32332243,Landrace/Maize
8,114495000,114505000,60.85373421,14.48406034,Landrace/Maize
8,121415000,121425000,49.26416241,12.12094597,Landrace/Maize
8,123205000,123215000,57.54816589,11.13100921,Landrace/Maize
8,123655000,123675000,41.53467368,14.17377556,Landrace/Maize
8,123725000,123755000,43.62109769,17.39924206,Landrace/Maize
8,124095000,124215000,64.62381622,19.27591987,Landrace/Maize
8,124575000,124605000,61.8672979,14.74512353,Landrace/Maize
8,126405000,126415000,73.4025411,13.20491421,Landrace/Maize
8,128745000,128775000,76.30655152,18.46423628,Landrace/Maize
8,134035000,134095000,40.64789366,13.48301903,Landrace/Maize
8,138225000,138235000,45.89895034,11.2072835,Landrace/Maize
8,146925000,146945000,44.75523527,10.89676235,Landrace/Maize
8,147085000,147105000,41.76956775,11.04882053,Landrace/Maize
8,150115000,150145000,49.02024122,17.04794969,Landrace/Maize
8,154685000,154715000,37.90235973,13.40283809,Landrace/Maize
8,154735000,154765000,41.40670716,13.02227581,Landrace/Maize
8,154795000,154835000,78.6530592,22.91763545,Landrace/Maize
8,173755000,173785000,27.7575813,10.88050413,Landrace/Maize
9,1,45000,61.37595256,17.93158196,Landrace/Maize
9,11225000,11255000,76.36771899,18.75943361,Landrace/Maize
9,19315000,19365000,83.00986274,43.02040781,Landrace/Maize
9,21605000,21625000,50.19403232,11.25564794,Landrace/Maize
9,22545000,22575000,45.94618926,16.6468332,Landrace/Maize
9,44915000,44935000,60.41736025,14.55762777,Landrace/Maize
9,48275000,48315000,103.9102078,23.72823413,Landrace/Maize
9,50085000,50185000,62.24496814,19.31969678,Landrace/Maize
9,50895000,50945000,34.23595062,14.12554873,Landrace/Maize
9,53795000,53815000,58.01455666,12.45459166,Landrace/Maize
9,54735000,54745000,57.95854342,10.77456315,Landrace/Maize
9,54965000,55065000,34.13984388,17.41124714,Landrace/Maize
9,55095000,55165000,28.35036504,10.93028225,Landrace/Maize
9,55665000,55735000,43.86628434,11.69419457,Landrace/Maize
9,55875000,55905000,36.81802495,12.37148084,Landrace/Maize
9,56285000,56305000,57.79534077,12.40294021,Landrace/Maize
9,56385000,56405000,56.49860023,14.81623271,Landrace/Maize
9,56465000,56495000,46.7217352,11.9948905,Landrace/Maize
9,57175000,57245000,68.68088969,15.87573192,Landrace/Maize
9,57325000,57345000,45.43554377,13.42192728,Landrace/Maize
9,57915000,57935000,44.86504188,11.45909837,Landrace/Maize
9,58815000,58885000,32.67200458,12.55505399,Landrace/Maize
9,59475000,59505000,41.06556957,11.19296515,Landrace/Maize
9,59565000,59605000,49.29500221,11.62766302,Landrace/Maize
9,59875000,59885000,72.61949826,16.86003672,Landrace/Maize
9,60815000,60845000,48.51419423,12.51214631,Landrace/Maize
9,61025000,61055000,39.44738021,12.45182348,Landrace/Maize
9,78465000,78555000,26.03239542,13.58298625,Landrace/Maize
9,79335000,79345000,76.13461305,11.82567028,Landrace/Maize
9,89875000,89925000,45.81149513,17.92126133,Landrace/Maize
9,90455000,90525000,47.8098441,16.28313049,Landrace/Maize
9,101415000,101435000,57.7611787,13.14676719,Landrace/Maize
9,109595000,109635000,59.14916996,16.21734009,Landrace/Maize
9,114775000,114825000,38.1864014,11.00639889,Landrace/Maize
9,120475000,120535000,35.75077756,14.41763952,Landrace/Maize
9,120555000,120595000,41.66450668,18.24803751,Landrace/Maize
9,125255000,125285000,47.17516132,14.85093441,Landrace/Maize
9,126105000,126155000,34.63228029,11.25264038,Landrace/Maize
9,128185000,128255000,52.93101315,15.41402416,Landrace/Maize
9,132075000,132135000,77.7344269,18.13831779,Landrace/Maize
9,135755000,135775000,55.27973241,11.04744436,Landrace/Maize
9,142715000,142725000,59.02969242,13.46378375,Landrace/Maize
9,143145000,143195000,59.10298184,20.09792751,Landrace/Maize
9,156225000,156235000,65.16266301,12.24457916,Landrace/Maize
10,145000,165000,48.88527444,10.96378953,Landrace/Maize
10,9055000,9085000,34.7622146,11.33820185,Landrace/Maize
10,10935000,10975000,33.56189368,12.78371503,Landrace/Maize
10,17305000,17325000,42.46895888,12.85717997,Landrace/Maize
10,22075000,22085000,65.51975157,14.26912489,Landrace/Maize
10,30495000,30575000,73.08670881,13.90658573,Landrace/Maize
10,30715000,30725000,62.78383697,15.23026021,Landrace/Maize
10,30785000,30795000,49.29889884,11.66617046,Landrace/Maize
10,56755000,56805000,58.14159998,13.2847062,Landrace/Maize
10,56835000,56865000,65.49198464,12.35174,Landrace/Maize
10,56885000,56905000,37.33974541,11.08961694,Landrace/Maize
10,56925000,56965000,43.77123332,12.49876638,Landrace/Maize
10,59055000,59115000,67.90539574,19.62233039,Landrace/Maize
10,66115000,66125000,46.48873264,10.92343924,Landrace/Maize
10,71785000,71905000,52.93791767,19.28299473,Landrace/Maize
10,73435000,73515000,36.51209351,12.29101151,Landrace/Maize
10,74315000,74385000,59.34571224,15.6884814,Landrace/Maize
10,74575000,74725000,33.25678093,12.42643311,Landrace/Maize
10,76555000,76575000,53.91421607,11.80606372,Landrace/Maize
10,79015000,79125000,50.93984805,15.44327227,Landrace/Maize
10,82045000,82085000,33.06702118,11.89354001,Landrace/Maize
10,98955000,98975000,33.8961148,10.74122227,Landrace/Maize
10,102835000,102855000,61.32047745,19.35354582,Landrace/Maize
10,104515000,104525000,46.35965772,10.88932454,Landrace/Maize
10,105075000,105195000,66.50064582,16.21261847,Landrace/Maize
10,105225000,105235000,74.51291738,11.59308325,Landrace/Maize
10,105545000,105605000,30.49942105,13.5612819,Landrace/Maize
10,106085000,106145000,29.4010441,11.28092886,Landrace/Maize
10,112055000,112095000,42.77405626,11.76311252,Landrace/Maize
10,112625000,112665000,35.44476521,13.63117533,Landrace/Maize
10,112755000,112985000,106.4275839,45.57978133,Landrace/Maize
10,113005000,113115000,109.0539637,22.5806281,Landrace/Maize
10,114785000,114795000,53.68540179,12.82552989,Landrace/Maize
10,119545000,119615000,87.86477623,20.7374492,Landrace/Maize
10,119705000,119755000,84.72306449,19.94970128,Landrace/Maize
1,6615000,6655000,48.76855562,11.16599115,Teosinte/Maize
1,17555000,17565000,44.04849474,10.46872047,Teosinte/Maize
1,17625000,17655000,51.15284276,17.57486928,Teosinte/Maize
1,17685000,17695000,47.5320342,10.84258972,Teosinte/Maize
1,26425000,26475000,25.14905082,9.977030055,Teosinte/Maize
1,26625000,26685000,47.31231057,10.1683114,Teosinte/Maize
1,48465000,48645000,54.54898737,14.85341573,Teosinte/Maize
1,72255000,72265000,49.46717776,11.96259038,Teosinte/Maize
1,72885000,72895000,62.84269014,15.65006857,Teosinte/Maize
1,79585000,79595000,59.54774662,13.18536814,Teosinte/Maize
1,81685000,81715000,57.66355871,18.54353268,Teosinte/Maize
1,90135000,90165000,53.1536544,13.61239616,Teosinte/Maize
1,90905000,90945000,30.86781442,10.36572292,Teosinte/Maize
1,91185000,91225000,37.3189485,9.820855795,Teosinte/Maize
1,95905000,95965000,48.04858564,10.34986469,Teosinte/Maize
1,99045000,99175000,36.60113384,16.40495999,Teosinte/Maize
1,107105000,107125000,46.0846403,10.46403643,Teosinte/Maize
1,107165000,107185000,39.88372194,11.41528295,Teosinte/Maize
1,109915000,109945000,43.13466054,11.64892908,Teosinte/Maize
1,116645000,116725000,66.74043963,20.01356759,Teosinte/Maize
1,122645000,122665000,50.63599133,10.98787626,Teosinte/Maize
1,123195000,123205000,48.92133998,11.20595057,Teosinte/Maize
1,123365000,123435000,39.88567105,11.79033323,Teosinte/Maize
1,123625000,123645000,47.30703767,12.45199481,Teosinte/Maize
1,123845000,123875000,36.46871469,12.42815507,Teosinte/Maize
1,123895000,123905000,46.12677163,10.47505551,Teosinte/Maize
1,126745000,126765000,64.4744234,16.09991906,Teosinte/Maize
1,126935000,126985000,24.34631957,10.44505453,Teosinte/Maize
1,127275000,127285000,76.67757064,15.07689626,Teosinte/Maize
1,128795000,128825000,46.34860047,13.59813867,Teosinte/Maize
1,128985000,128995000,46.7639078,11.21732929,Teosinte/Maize
1,129405000,129465000,32.95394637,10.47943335,Teosinte/Maize
1,130555000,130635000,34.15604018,10.948109,Teosinte/Maize
1,130885000,130925000,30.81001326,10.99533962,Teosinte/Maize
1,132215000,132365000,86.62952703,12.16373039,Teosinte/Maize
1,132555000,132575000,50.08187382,11.50947811,Teosinte/Maize
1,134815000,134875000,87.52355128,10.04187009,Teosinte/Maize
1,135215000,135235000,57.54385281,14.18923877,Teosinte/Maize
1,138085000,138215000,35.4170468,9.907117351,Teosinte/Maize
1,140635000,140695000,55.81851903,10.62249623,Teosinte/Maize
1,141385000,141435000,29.47061018,13.68201094,Teosinte/Maize
1,141535000,141545000,48.64700213,9.81944132,Teosinte/Maize
1,143755000,143835000,25.2479076,11.08718959,Teosinte/Maize
1,144155000,144195000,36.53203523,9.934893132,Teosinte/Maize
1,146025000,146035000,46.06596305,11.02491377,Teosinte/Maize
1,146265000,146305000,52.22696823,10.49148216,Teosinte/Maize
1,146475000,146485000,48.22350956,11.02343909,Teosinte/Maize
1,149015000,149055000,50.81700344,11.70174486,Teosinte/Maize
1,149105000,149125000,46.92204634,13.32410768,Teosinte/Maize
1,149205000,149355000,80.90512614,33.89802136,Teosinte/Maize
1,149415000,149425000,47.11073377,10.11860589,Teosinte/Maize
1,157515000,157545000,39.71467824,11.73070432,Teosinte/Maize
1,166835000,166905000,35.62766049,12.35582732,Teosinte/Maize
1,169635000,169695000,97.39862288,27.57974803,Teosinte/Maize
1,169725000,169755000,52.57641872,17.67083775,Teosinte/Maize
1,169785000,169875000,100.4457394,38.58915937,Teosinte/Maize
1,169935000,170045000,91.2168284,25.91877749,Teosinte/Maize
1,170075000,170185000,52.43681176,16.93351599,Teosinte/Maize
1,191205000,191235000,70.65737792,18.67350667,Teosinte/Maize
1,227685000,227695000,42.07119423,9.923600981,Teosinte/Maize
1,237915000,237925000,46.518993,11.14980903,Teosinte/Maize
1,239325000,239375000,65.99821161,15.67225787,Teosinte/Maize
1,243555000,243595000,43.13052799,13.31957458,Teosinte/Maize
1,246645000,246665000,60.16567092,10.54440779,Teosinte/Maize
1,246875000,246895000,32.42709804,10.01388016,Teosinte/Maize
1,297535000,297565000,30.47976111,11.65319169,Teosinte/Maize
1,302645000,302665000,46.59280209,11.71535988,Teosinte/Maize
2,26335000,26465000,47.16340021,12.44988736,Teosinte/Maize
2,26625000,26935000,82.3290401,22.86670409,Teosinte/Maize
2,28645000,28655000,55.74740427,13.18897846,Teosinte/Maize
2,62475000,62505000,45.50383088,10.4804652,Teosinte/Maize
2,66725000,66775000,42.75811378,17.17451221,Teosinte/Maize
2,77035000,77365000,92.0716995,16.1174532,Teosinte/Maize
2,77575000,77705000,38.57210357,10.23202611,Teosinte/Maize
2,80625000,80655000,36.3606021,10.51272907,Teosinte/Maize
2,84405000,84415000,43.59972236,9.976998004,Teosinte/Maize
2,89515000,89565000,91.1046585,20.15844319,Teosinte/Maize
2,89585000,89605000,50.2969771,12.32122352,Teosinte/Maize
2,90305000,90335000,54.79010282,15.84312507,Teosinte/Maize
2,92475000,92495000,42.43402005,11.02409795,Teosinte/Maize
2,92565000,92635000,26.28263192,11.82679611,Teosinte/Maize
2,94335000,94415000,37.67585491,19.72475177,Teosinte/Maize
2,94475000,94505000,60.97186072,15.9610539,Teosinte/Maize
2,94635000,94645000,54.48082201,12.85408021,Teosinte/Maize
2,97375000,97395000,34.16825126,10.58286203,Teosinte/Maize
2,97825000,97835000,62.98980139,12.63686934,Teosinte/Maize
2,99615000,99645000,57.08858082,18.17064652,Teosinte/Maize
2,99735000,99765000,41.90909496,13.13616753,Teosinte/Maize
2,103485000,103615000,48.7162712,14.59234541,Teosinte/Maize
2,104705000,104715000,48.75286038,11.33954427,Teosinte/Maize
2,104785000,104795000,81.89432938,11.01059957,Teosinte/Maize
2,105545000,105565000,71.40678464,16.44019825,Teosinte/Maize
2,105655000,105675000,47.75114564,12.13170399,Teosinte/Maize
2,106715000,106725000,46.46614123,10.73491062,Teosinte/Maize
2,109955000,109975000,59.26732286,14.11968358,Teosinte/Maize
2,110075000,110095000,45.48046159,9.936780287,Teosinte/Maize
2,118235000,118285000,62.63231688,15.00942494,Teosinte/Maize
2,118495000,118515000,41.99651924,13.16803065,Teosinte/Maize
2,118565000,118605000,76.46718219,22.08770187,Teosinte/Maize
2,118745000,118755000,76.14871504,18.58330901,Teosinte/Maize
2,118805000,118835000,107.7292677,20.86264108,Teosinte/Maize
2,118975000,119015000,47.75164709,13.06335087,Teosinte/Maize
2,119035000,119265000,69.19736896,16.49577501,Teosinte/Maize
2,119285000,119305000,51.15581561,16.93508298,Teosinte/Maize
2,119395000,119505000,54.7296125,12.37328925,Teosinte/Maize
2,120835000,120845000,45.88259076,10.58061347,Teosinte/Maize
2,120945000,120955000,51.34525709,12.02500242,Teosinte/Maize
2,121075000,121085000,49.5520027,11.55084627,Teosinte/Maize
2,121105000,121115000,55.15864585,10.09555408,Teosinte/Maize
2,121205000,121215000,43.76598973,10.02096092,Teosinte/Maize
2,121255000,121325000,38.73872653,15.0544614,Teosinte/Maize
2,121345000,121365000,42.58443074,10.63517683,Teosinte/Maize
2,121435000,121455000,43.65783956,10.94608724,Teosinte/Maize
2,121585000,121615000,35.35760836,13.50599972,Teosinte/Maize
2,121645000,121655000,50.34626845,11.76085886,Teosinte/Maize
2,132215000,132245000,40.63858343,15.92454503,Teosinte/Maize
2,132275000,132335000,65.62541965,18.69579912,Teosinte/Maize
2,132575000,132605000,34.7087602,9.943257009,Teosinte/Maize
2,135235000,135345000,75.47341301,16.1846107,Teosinte/Maize
2,135405000,135435000,54.48625567,12.85551693,Teosinte/Maize
2,137925000,137945000,93.42363076,23.15098637,Teosinte/Maize
2,140995000,141005000,49.74157173,10.37622337,Teosinte/Maize
2,154395000,154405000,46.47375141,10.73692284,Teosinte/Maize
2,154765000,154775000,43.81752984,10.03458869,Teosinte/Maize
2,180665000,180685000,78.98212416,12.22694245,Teosinte/Maize
2,196205000,196275000,39.81646225,9.83344108,Teosinte/Maize
2,198885000,198965000,30.21175372,12.71219887,Teosinte/Maize
2,217925000,217935000,73.57579689,11.32285215,Teosinte/Maize
2,219105000,219165000,48.70727471,10.13161588,Teosinte/Maize
2,236575000,236625000,29.77555723,11.30866689,Teosinte/Maize
2,242585000,242725000,50.91454914,16.41834382,Teosinte/Maize
2,242825000,242855000,34.19503618,11.10990397,Teosinte/Maize
2,243195000,243215000,55.52855249,11.74482331,Teosinte/Maize
3,59135000,59155000,57.77331598,14.39710576,Teosinte/Maize
3,59555000,59565000,58.60483738,13.23186371,Teosinte/Maize
3,63485000,63515000,47.07653414,11.4220237,Teosinte/Maize
3,65635000,65655000,37.12618021,10.75901075,Teosinte/Maize
3,65755000,65825000,56.1530812,13.29743927,Teosinte/Maize
3,69005000,69035000,30.64142183,11.31396697,Teosinte/Maize
3,70205000,70255000,38.76593065,9.904273269,Teosinte/Maize
3,70315000,70355000,101.4095888,22.62793502,Teosinte/Maize
3,71235000,71275000,51.35074582,13.17155588,Teosinte/Maize
3,71305000,71365000,40.02337151,11.76074172,Teosinte/Maize
3,71735000,71765000,82.80714117,12.88040249,Teosinte/Maize
3,71945000,71975000,87.45167827,19.3172728,Teosinte/Maize
3,72275000,72345000,49.23308897,18.12358084,Teosinte/Maize
3,72625000,72665000,52.15467404,16.41781985,Teosinte/Maize
3,72705000,72755000,52.21468029,13.31578865,Teosinte/Maize
3,72795000,72845000,58.87222898,14.01851733,Teosinte/Maize
3,73405000,73415000,77.50608283,10.38478776,Teosinte/Maize
3,73975000,73995000,49.92393691,11.04794987,Teosinte/Maize
3,74025000,74075000,60.10977314,12.83207488,Teosinte/Maize
3,74455000,74575000,87.1041376,21.50520487,Teosinte/Maize
3,74965000,74985000,55.35401224,10.9481465,Teosinte/Maize
3,75105000,75205000,59.96559694,11.97131857,Teosinte/Maize
3,76145000,76285000,59.10379712,16.05358538,Teosinte/Maize
3,76675000,76785000,65.18237009,13.12876378,Teosinte/Maize
3,77625000,77695000,65.40956165,11.13843224,Teosinte/Maize
3,77925000,77955000,44.93499576,10.32256776,Teosinte/Maize
3,78135000,78175000,50.25978456,13.49711651,Teosinte/Maize
3,78935000,78945000,51.18765955,11.98068237,Teosinte/Maize
3,78965000,79135000,40.02348815,11.0473311,Teosinte/Maize
3,79435000,79445000,61.54985865,11.40871319,Teosinte/Maize
3,79595000,79605000,72.60096556,11.16864396,Teosinte/Maize
3,80195000,80235000,59.18217521,14.78894995,Teosinte/Maize
3,80615000,80625000,63.26912058,12.7042712,Teosinte/Maize
3,88245000,88285000,31.7290083,11.81351113,Teosinte/Maize
3,89175000,89215000,35.40962301,13.94694415,Teosinte/Maize
3,89295000,89325000,35.15839181,12.22213355,Teosinte/Maize
3,89465000,89565000,44.69360926,15.21589692,Teosinte/Maize
3,92855000,92935000,22.06498777,11.26502045,Teosinte/Maize
3,94525000,94595000,54.40876904,12.8348733,Teosinte/Maize
3,96115000,96145000,56.84431423,16.51047222,Teosinte/Maize
3,96205000,96225000,39.84883562,10.99060669,Teosinte/Maize
3,96245000,96315000,57.9859314,15.09905046,Teosinte/Maize
3,96355000,96485000,53.97051083,17.75544622,Teosinte/Maize
3,96505000,96545000,64.88019919,14.81059964,Teosinte/Maize
3,96615000,96635000,46.71672474,15.26651477,Teosinte/Maize
3,96805000,96995000,62.93694235,14.58549275,Teosinte/Maize
3,97015000,97055000,44.46503863,20.39588406,Teosinte/Maize
3,97085000,97135000,32.14833021,13.15203646,Teosinte/Maize
3,97235000,97245000,50.66536889,11.84217856,Teosinte/Maize
3,97335000,97375000,31.78430975,12.22717562,Teosinte/Maize
3,98005000,98035000,42.94624359,10.27327134,Teosinte/Maize
3,105585000,105595000,47.57769848,11.02337371,Teosinte/Maize
3,108765000,108845000,80.03209815,18.32191517,Teosinte/Maize
3,108935000,108955000,56.20587991,13.31144071,Teosinte/Maize
3,109205000,109225000,53.83873954,15.53430859,Teosinte/Maize
3,109875000,109895000,40.43423363,12.58350186,Teosinte/Maize
3,109935000,109955000,33.56708545,9.804663776,Teosinte/Maize
3,110565000,110595000,50.3379433,11.1521043,Teosinte/Maize
3,120305000,120385000,53.62957175,15.46637416,Teosinte/Maize
3,120645000,120655000,48.82570114,10.77165914,Teosinte/Maize
3,121055000,121065000,68.54378621,10.48818228,Teosinte/Maize
3,133585000,133605000,34.48597535,10.67963313,Teosinte/Maize
3,151045000,151065000,37.87495892,11.64800319,Teosinte/Maize
3,194445000,194525000,91.57525438,25.87170721,Teosinte/Maize
3,194975000,195025000,38.52877308,12.19579817,Teosinte/Maize
3,226755000,226765000,44.25887417,10.14327025,Teosinte/Maize
4,13555000,13655000,56.95358561,13.21952342,Teosinte/Maize
4,13925000,13945000,43.187699,9.932752995,Teosinte/Maize
4,14915000,14975000,72.6434779,13.2969612,Teosinte/Maize
4,31335000,31345000,59.2027155,12.61605564,Teosinte/Maize
4,31965000,31985000,69.54664051,15.87676415,Teosinte/Maize
4,32065000,32095000,65.32858462,13.38548515,Teosinte/Maize
4,34325000,34355000,54.22985637,16.91438266,Teosinte/Maize
4,47205000,47245000,43.81954363,14.01781422,Teosinte/Maize
4,61305000,61445000,60.74609501,14.23238551,Teosinte/Maize
4,61575000,61595000,43.16704289,11.35197153,Teosinte/Maize
4,63785000,63855000,81.93640019,22.96891208,Teosinte/Maize
4,63925000,63945000,40.14477492,10.08100842,Teosinte/Maize
4,65595000,65615000,44.7912228,9.971332061,Teosinte/Maize
4,72195000,72255000,48.16101735,13.67941928,Teosinte/Maize
4,75165000,75175000,57.03432594,11.46711743,Teosinte/Maize
4,85945000,85965000,62.4774956,18.97089118,Teosinte/Maize
4,85995000,86025000,57.13557851,11.53210797,Teosinte/Maize
4,86175000,86225000,65.24973771,14.77804954,Teosinte/Maize
4,87365000,87395000,46.9449939,10.97718456,Teosinte/Maize
4,89375000,89405000,46.27897889,16.39430003,Teosinte/Maize
4,89615000,89625000,49.10687164,10.15469272,Teosinte/Maize
4,89995000,90045000,26.09910559,9.958490075,Teosinte/Maize
4,90435000,90455000,37.17790399,10.24797825,Teosinte/Maize
4,98035000,98055000,82.50368488,10.02158279,Teosinte/Maize
4,98305000,98315000,74.46564006,11.55211018,Teosinte/Maize
4,98485000,98495000,54.82607436,10.32976842,Teosinte/Maize
4,99895000,99935000,52.09633439,10.32501613,Teosinte/Maize
4,101115000,101165000,56.28684873,11.29423445,Teosinte/Maize
4,101435000,101505000,28.95238936,10.99369312,Teosinte/Maize
4,102265000,102275000,50.11473921,10.40041046,Teosinte/Maize
4,103855000,103925000,53.78623141,11.29551887,Teosinte/Maize
4,105485000,105605000,72.85715811,10.08450573,Teosinte/Maize
4,108555000,108735000,46.27452585,11.59119108,Teosinte/Maize
4,115875000,115985000,41.60061011,9.849881189,Teosinte/Maize
4,117895000,117925000,33.59983454,10.2778999,Teosinte/Maize
4,117945000,118155000,53.94375633,14.71820245,Teosinte/Maize
4,121155000,121165000,63.06500076,12.12635704,Teosinte/Maize
4,123695000,123715000,64.34140993,9.80677019,Teosinte/Maize
4,123775000,123795000,65.66277012,11.87305459,Teosinte/Maize
4,131475000,131505000,46.51036182,13.46566723,Teosinte/Maize
4,145445000,145485000,44.28586446,10.62449008,Teosinte/Maize
4,148335000,148355000,45.88342959,11.85072252,Teosinte/Maize
4,148485000,148515000,39.64932451,12.65604563,Teosinte/Maize
4,161125000,161135000,53.61174051,11.25297805,Teosinte/Maize
4,177795000,177835000,41.0759743,11.29845806,Teosinte/Maize
4,179245000,179255000,64.46833992,13.18652033,Teosinte/Maize
4,179275000,179295000,50.93590015,12.08655408,Teosinte/Maize
4,232185000,232195000,53.33017089,11.18433149,Teosinte/Maize
4,246705000,246715000,50.62878136,10.52573374,Teosinte/Maize
4,246795000,246825000,53.85790533,12.49287638,Teosinte/Maize
4,246875000,246885000,57.31850768,12.15668649,Teosinte/Maize
4,246925000,246975000,35.21023171,13.70151745,Teosinte/Maize
5,35175000,35195000,63.61040264,13.23925722,Teosinte/Maize
5,35235000,35275000,124.9746258,21.07075645,Teosinte/Maize
5,41555000,41585000,45.77658377,9.900865891,Teosinte/Maize
5,45435000,45465000,38.67846417,11.17129795,Teosinte/Maize
5,45645000,45665000,44.35130166,10.29689472,Teosinte/Maize
5,47725000,47735000,67.96155617,12.75832576,Teosinte/Maize
5,48165000,48185000,73.01448491,13.82296165,Teosinte/Maize
5,58375000,58395000,56.12383237,10.26415528,Teosinte/Maize
5,61665000,61795000,70.21470944,16.05563486,Teosinte/Maize
5,70035000,70045000,64.97192319,13.55998541,Teosinte/Maize
5,70095000,70195000,47.70967717,19.68631493,Teosinte/Maize
5,71905000,71965000,46.66454119,12.74664109,Teosinte/Maize
5,75825000,75845000,64.68320071,12.06758676,Teosinte/Maize
5,76895000,76975000,87.32125554,13.31109583,Teosinte/Maize
5,77015000,77105000,53.55952737,14.57244199,Teosinte/Maize
5,90695000,90735000,32.54080932,11.54081237,Teosinte/Maize
5,91475000,91585000,71.06123379,13.4114179,Teosinte/Maize
5,94035000,94045000,52.05864612,10.51805407,Teosinte/Maize
5,99215000,99245000,57.31932198,11.15394597,Teosinte/Maize
5,100175000,100195000,42.74260761,9.848510407,Teosinte/Maize
5,102755000,102775000,55.35754047,11.84646586,Teosinte/Maize
5,102905000,102915000,76.46583785,16.26756298,Teosinte/Maize
5,106565000,106595000,43.54905921,13.72757917,Teosinte/Maize
5,107665000,107675000,62.80139324,10.9173106,Teosinte/Maize
5,108975000,109025000,54.27834699,18.47502719,Teosinte/Maize
5,109965000,109995000,37.60095178,11.01834367,Teosinte/Maize
5,110055000,110115000,62.16477015,16.14554584,Teosinte/Maize
5,110135000,110155000,54.10186428,15.16158133,Teosinte/Maize
5,110675000,110685000,59.62276928,12.29990567,Teosinte/Maize
5,110725000,110745000,51.19153151,13.83740293,Teosinte/Maize
5,110775000,110795000,48.66561551,10.64638001,Teosinte/Maize
5,111175000,111195000,66.94151472,13.67065278,Teosinte/Maize
5,111235000,111265000,46.47088628,11.63941668,Teosinte/Maize
5,113105000,113135000,44.5917357,12.69314545,Teosinte/Maize
5,113185000,113215000,34.44430964,11.03093298,Teosinte/Maize
5,118585000,118655000,54.37197083,10.49527871,Teosinte/Maize
5,120945000,120975000,40.27457237,12.95505275,Teosinte/Maize
5,127695000,127715000,39.61373371,10.72886558,Teosinte/Maize
5,129115000,129155000,41.39281616,16.01109051,Teosinte/Maize
5,129275000,129305000,41.48778396,12.94462634,Teosinte/Maize
5,131375000,131395000,74.30375327,14.09460637,Teosinte/Maize
5,131425000,131435000,62.53772327,12.98657024,Teosinte/Maize
5,132645000,132755000,77.50996508,18.02959737,Teosinte/Maize
5,132825000,132835000,53.94894475,9.805913424,Teosinte/Maize
5,134465000,134485000,156.2814058,15.68351755,Teosinte/Maize
5,137305000,137385000,46.04855049,14.10118969,Teosinte/Maize
5,142345000,142395000,76.37529386,12.58427865,Teosinte/Maize
5,151875000,151945000,65.03623802,13.35845873,Teosinte/Maize
5,152065000,152095000,49.62146614,12.96530747,Teosinte/Maize
5,152875000,152895000,47.83983319,13.46931564,Teosinte/Maize
5,152935000,152975000,35.0508238,10.4996175,Teosinte/Maize
5,152995000,153015000,68.47821274,16.40250511,Teosinte/Maize
5,162515000,162525000,52.07222779,10.52125345,Teosinte/Maize
5,189415000,189455000,31.62811805,10.2059735,Teosinte/Maize
6,33001,65000,35.43549175,12.91062161,Teosinte/Maize
6,30125000,30225000,40.9123969,12.14426304,Teosinte/Maize
6,44335000,44815000,87.77183369,25.70302161,Teosinte/Maize
6,44835000,44845000,75.18681864,12.33536607,Teosinte/Maize
6,44945000,44975000,50.90204751,12.88791675,Teosinte/Maize
6,45085000,45335000,73.10375468,18.91858357,Teosinte/Maize
6,45675000,45685000,51.51343665,10.75249218,Teosinte/Maize
6,45705000,45725000,33.8015899,10.8544458,Teosinte/Maize
6,45765000,45805000,56.50224825,14.25354649,Teosinte/Maize
6,46655000,46715000,41.24544255,12.9945585,Teosinte/Maize
6,46755000,46795000,29.6605445,12.00501149,Teosinte/Maize
6,47055000,47065000,41.7761211,10.11549253,Teosinte/Maize
6,58375000,58415000,27.05179274,10.52525658,Teosinte/Maize
6,64205000,64225000,37.54424605,12.62373995,Teosinte/Maize
6,87695000,87775000,80.34868609,20.95441532,Teosinte/Maize
6,102865000,102925000,73.05882794,13.3685319,Teosinte/Maize
6,113235000,113255000,45.1731628,10.50198489,Teosinte/Maize
6,129315000,129345000,40.72510186,9.820155248,Teosinte/Maize
6,130775000,130805000,42.8389977,11.87397128,Teosinte/Maize
6,135315000,135345000,40.81746626,9.846109722,Teosinte/Maize
6,135385000,135395000,51.88747981,10.84043054,Teosinte/Maize
6,140775000,140805000,33.84999479,13.66284018,Teosinte/Maize
6,140865000,140885000,35.04636124,11.63109256,Teosinte/Maize
6,147605000,147625000,40.48177231,12.33513371,Teosinte/Maize
6,148085000,148105000,57.0918728,18.8003777,Teosinte/Maize
6,148165000,148185000,58.26380658,13.19150042,Teosinte/Maize
6,149835000,149845000,47.18470665,11.63530956,Teosinte/Maize
6,155195000,155245000,86.07157507,21.40471612,Teosinte/Maize
6,163015000,163045000,48.2206136,11.92640027,Teosinte/Maize
6,173305000,173325000,66.95567067,15.3760682,Teosinte/Maize
6,173715000,173745000,52.23543425,10.92223538,Teosinte/Maize
6,173875000,173985000,76.25385098,23.34135333,Teosinte/Maize
7,29975000,30015000,58.13043186,12.89518708,Teosinte/Maize
7,55365000,55395000,75.87070805,12.47868739,Teosinte/Maize
7,55435000,55465000,68.30368486,15.97150707,Teosinte/Maize
7,55525000,55545000,62.15760406,12.63996164,Teosinte/Maize
7,55575000,55595000,64.96507942,13.32024236,Teosinte/Maize
7,55765000,55795000,51.16199213,9.975609558,Teosinte/Maize
7,55985000,56085000,66.56001638,12.9228123,Teosinte/Maize
7,56865000,56895000,79.30708251,16.32225333,Teosinte/Maize
7,56925000,56945000,61.25076382,13.09206641,Teosinte/Maize
7,57035000,57075000,57.64574385,12.47185128,Teosinte/Maize
7,57105000,57185000,66.65338577,17.42658553,Teosinte/Maize
7,57235000,57255000,63.20693292,12.89422503,Teosinte/Maize
7,57375000,57415000,70.96029298,18.42510019,Teosinte/Maize
7,57725000,57755000,55.46669945,11.90154036,Teosinte/Maize
7,57965000,58055000,37.26505915,11.33932727,Teosinte/Maize
7,58305000,58355000,61.28996002,15.50258753,Teosinte/Maize
7,58885000,58915000,62.01503341,16.27352115,Teosinte/Maize
7,59185000,59215000,55.34210145,14.1860846,Teosinte/Maize
7,59595000,59625000,43.31455032,9.888702906,Teosinte/Maize
7,60175000,60225000,43.90262286,9.875110088,Teosinte/Maize
7,60405000,60505000,46.03686542,11.27520677,Teosinte/Maize
7,60725000,60785000,34.2866295,10.3828669,Teosinte/Maize
7,61155000,61235000,45.52930026,13.9140519,Teosinte/Maize
7,61425000,61455000,56.664056,9.97343943,Teosinte/Maize
7,61725000,61765000,39.6129976,10.42818199,Teosinte/Maize
7,61935000,61975000,38.87864527,10.43382979,Teosinte/Maize
7,62175000,62205000,43.41433829,10.45482392,Teosinte/Maize
7,62555000,62595000,66.61366201,10.49595822,Teosinte/Maize
7,62695000,62725000,41.65501571,9.904469999,Teosinte/Maize
7,62855000,62875000,51.55028323,10.06969656,Teosinte/Maize
7,63105000,63135000,44.443649,10.77681443,Teosinte/Maize
7,63205000,63235000,62.85107787,16.53505382,Teosinte/Maize
7,63255000,63275000,51.96647731,10.72069549,Teosinte/Maize
7,63315000,63365000,42.38233285,10.62652122,Teosinte/Maize
7,63475000,63525000,44.0749819,9.925304654,Teosinte/Maize
7,64035000,64055000,55.2053782,11.54796804,Teosinte/Maize
7,64075000,64105000,44.44558434,10.77741985,Teosinte/Maize
7,64135000,64165000,41.46769599,9.845872365,Teosinte/Maize
7,64355000,64385000,57.89972401,10.23749892,Teosinte/Maize
7,64535000,64615000,32.43857338,10.17492998,Teosinte/Maize
7,64705000,64725000,58.05812507,12.27661003,Teosinte/Maize
7,64745000,64765000,50.27224509,10.28795863,Teosinte/Maize
7,64785000,64835000,47.81097675,12.21816452,Teosinte/Maize
7,65265000,65315000,42.20037164,13.00685822,Teosinte/Maize
7,65435000,65465000,45.28738276,10.85518041,Teosinte/Maize
7,65515000,65565000,55.79345433,15.0265754,Teosinte/Maize
7,65995000,66055000,44.98997122,12.95351198,Teosinte/Maize
7,66245000,66295000,70.59201535,13.58298186,Teosinte/Maize
7,66855000,66875000,54.84115699,11.4549395,Teosinte/Maize
7,66915000,66995000,74.9565498,10.27364723,Teosinte/Maize
7,67215000,67255000,41.92152108,11.53296262,Teosinte/Maize
7,67575000,67615000,38.77189177,10.3952688,Teosinte/Maize
7,67785000,67795000,72.26124931,11.246066,Teosinte/Maize
7,67915000,67955000,48.99161639,11.78585253,Teosinte/Maize
7,68215000,68245000,48.69909447,12.10800924,Teosinte/Maize
7,68755000,68785000,47.68415042,10.97637018,Teosinte/Maize
7,69025000,69075000,74.54676424,11.06055372,Teosinte/Maize
7,69165000,69185000,67.88236607,10.45520653,Teosinte/Maize
7,69245000,69305000,42.44728808,12.84176902,Teosinte/Maize
7,69515000,69535000,48.72928355,9.89385897,Teosinte/Maize
7,95985000,96015000,51.09859901,12.64249908,Teosinte/Maize
7,96065000,96075000,89.86101821,14.42471756,Teosinte/Maize
7,180505000,180515000,101.216613,15.63014929,Teosinte/Maize
8,11385000,11425000,114.0854358,18.7888898,Teosinte/Maize
8,22185000,22245000,86.22564363,11.35456971,Teosinte/Maize
8,22975000,23025000,76.04321752,12.12197712,Teosinte/Maize
8,30215000,30225000,159.6274755,21.85773508,Teosinte/Maize
8,31035000,31085000,54.14673151,10.73754596,Teosinte/Maize
8,31105000,31165000,60.44473381,13.0029884,Teosinte/Maize
8,31185000,31285000,74.26091047,15.2461631,Teosinte/Maize
8,31305000,31355000,52.41191217,14.93030217,Teosinte/Maize
8,31655000,31665000,68.39480996,9.842200895,Teosinte/Maize
8,32635000,32685000,71.99196668,12.32636225,Teosinte/Maize
8,32785000,32815000,37.16571391,10.16534899,Teosinte/Maize
8,32915000,32945000,43.42020678,10.78085548,Teosinte/Maize
8,33245000,33335000,39.22539279,13.29648405,Teosinte/Maize
8,33415000,33445000,36.98669311,11.80041699,Teosinte/Maize
8,39075000,39165000,35.74313475,11.5001077,Teosinte/Maize
8,42385000,42415000,54.87954176,12.38365249,Teosinte/Maize
8,43475000,43695000,60.79222081,16.366554,Teosinte/Maize
8,43865000,43885000,67.52869683,13.72301827,Teosinte/Maize
8,44035000,44115000,35.06162739,10.28330189,Teosinte/Maize
8,44355000,44395000,36.22803177,11.50311906,Teosinte/Maize
8,70965000,70985000,68.88732921,13.310411,Teosinte/Maize
8,71005000,71025000,49.63633992,11.44752177,Teosinte/Maize
8,71065000,71115000,46.08462245,14.57712443,Teosinte/Maize
8,71455000,71545000,37.26374379,10.65172029,Teosinte/Maize
8,71575000,71615000,44.7745003,11.81974446,Teosinte/Maize
8,77055000,77065000,81.15055494,15.94255282,Teosinte/Maize
8,77125000,77295000,80.71401029,14.54519524,Teosinte/Maize
8,84855000,84875000,51.77575229,10.15895789,Teosinte/Maize
8,97775000,97785000,81.56606348,16.89893388,Teosinte/Maize
8,98325000,98385000,78.63412778,18.51142243,Teosinte/Maize
8,98495000,98585000,93.67278312,17.56480223,Teosinte/Maize
8,98645000,98705000,95.10566044,16.70160026,Teosinte/Maize
8,98735000,98785000,68.04230189,12.19363344,Teosinte/Maize
8,98955000,98985000,57.97201858,18.27930268,Teosinte/Maize
8,99355000,99395000,67.78245888,20.89905873,Teosinte/Maize
8,99705000,99715000,60.63114952,11.53832946,Teosinte/Maize
8,99735000,99785000,58.74660329,11.3534827,Teosinte/Maize
8,100015000,100055000,49.72683896,12.26381479,Teosinte/Maize
8,100225000,100265000,37.3789827,13.27573958,Teosinte/Maize
8,100525000,100695000,84.60662522,25.4857707,Teosinte/Maize
8,100745000,100765000,38.40378495,10.08841556,Teosinte/Maize
8,101285000,101375000,80.81734578,15.87103381,Teosinte/Maize
8,101435000,101455000,49.94843977,10.67569702,Teosinte/Maize
8,101525000,101555000,58.81620307,11.75184052,Teosinte/Maize
8,101715000,101755000,38.85411125,14.47094429,Teosinte/Maize
8,102395000,102415000,38.66273245,10.17126891,Teosinte/Maize
8,102645000,102715000,52.16982318,14.12605216,Teosinte/Maize
8,137385000,137415000,38.66664053,11.59845656,Teosinte/Maize
8,148245000,148265000,45.07408264,9.854221015,Teosinte/Maize
8,160825000,160895000,41.89718237,12.52887866,Teosinte/Maize
8,165565000,165645000,147.5125876,24.64701039,Teosinte/Maize
8,165705000,165745000,121.3499948,21.6694436,Teosinte/Maize
8,165765000,165825000,121.8383382,38.97015212,Teosinte/Maize
8,165845000,165865000,156.9678277,28.41161549,Teosinte/Maize
8,167285000,167365000,36.57402926,12.74956329,Teosinte/Maize
9,1,55000,149.1204237,30.60174923,Teosinte/Maize
9,44905000,44925000,53.22544354,12.72391003,Teosinte/Maize
9,50075000,50115000,84.87191793,23.03004323,Teosinte/Maize
9,50135000,50165000,80.26969334,17.0169641,Teosinte/Maize
9,50205000,50295000,59.57888486,16.04019457,Teosinte/Maize
9,51105000,51155000,55.8786415,20.65242662,Teosinte/Maize
9,52605000,52665000,51.02090196,15.08519816,Teosinte/Maize
9,52765000,52785000,52.27880281,14.06898997,Teosinte/Maize
9,56815000,56825000,46.91479267,10.52314231,Teosinte/Maize
9,56935000,57065000,70.64800472,11.71881509,Teosinte/Maize
9,57225000,57245000,56.46945473,12.29369635,Teosinte/Maize
9,57855000,57865000,53.91791404,10.29785246,Teosinte/Maize
9,58635000,58665000,69.5524145,14.57346883,Teosinte/Maize
9,58735000,58855000,42.46337795,10.70447423,Teosinte/Maize
9,58875000,58895000,33.38579299,10.00485931,Teosinte/Maize
9,59515000,59535000,58.12122074,10.36390259,Teosinte/Maize
9,59575000,59585000,49.8739065,10.69872042,Teosinte/Maize
9,59835000,59885000,59.94846129,13.4095112,Teosinte/Maize
9,60175000,60195000,45.78933916,10.23625619,Teosinte/Maize
9,60405000,60425000,68.12320925,15.01345381,Teosinte/Maize
9,60545000,60605000,59.07491074,12.92376371,Teosinte/Maize
9,64405000,64415000,53.26431038,11.51860868,Teosinte/Maize
9,64785000,64865000,47.01714673,13.75451715,Teosinte/Maize
9,66475000,66495000,37.70890513,10.96992047,Teosinte/Maize
9,68945000,68975000,32.55477875,11.06572675,Teosinte/Maize
9,79455000,79485000,47.41917815,18.44930943,Teosinte/Maize
9,89205000,89215000,44.90453734,10.0107139,Teosinte/Maize
9,89295000,89315000,57.72427839,15.13988468,Teosinte/Maize
9,113045000,113095000,40.99176465,11.45706833,Teosinte/Maize
9,122965000,123005000,72.56287301,25.30558335,Teosinte/Maize
9,123025000,123155000,41.46773717,11.55451863,Teosinte/Maize
9,137535000,137685000,248.5842052,58.75206394,Teosinte/Maize
9,137705000,137745000,95.51351442,21.7355704,Teosinte/Maize
9,137765000,137785000,89.6199544,19.14878497,Teosinte/Maize
9,146125000,146155000,49.08487648,15.26764266,Teosinte/Maize
10,11001,55000,52.23658627,14.40035528,Teosinte/Maize
10,115000,155000,47.56593269,13.60635792,Teosinte/Maize
10,175000,285000,174.9102578,26.46273363,Teosinte/Maize
10,385000,425000,82.1948865,27.0973934,Teosinte/Maize
10,465000,475000,51.96164822,10.6679189,Teosinte/Maize
10,525000,605000,63.95117169,20.6931361,Teosinte/Maize
10,16955000,17085000,48.89898485,13.35773161,Teosinte/Maize
10,20155000,20235000,61.78829808,16.71236526,Teosinte/Maize
10,23225000,23235000,61.04567081,9.938955914,Teosinte/Maize
10,32445000,32525000,48.61451621,13.24313727,Teosinte/Maize
10,33185000,33285000,43.93112758,9.982892497,Teosinte/Maize
10,33395000,33445000,59.45404301,11.25330875,Teosinte/Maize
10,33975000,34035000,64.7408725,11.47152213,Teosinte/Maize
10,44795000,44885000,48.0436115,10.66404831,Teosinte/Maize
10,45385000,45415000,75.27484297,15.38725591,Teosinte/Maize
10,48705000,48745000,96.62904067,17.82484133,Teosinte/Maize
10,49565000,49585000,54.68949837,11.8699086,Teosinte/Maize
10,49625000,49655000,61.29427833,11.52946962,Teosinte/Maize
10,49705000,49745000,44.76341445,14.43752359,Teosinte/Maize
10,50565000,50635000,78.14716581,10.69076943,Teosinte/Maize
10,69235000,69285000,70.30405415,17.14353654,Teosinte/Maize
10,69405000,69425000,38.75664294,10.63962824,Teosinte/Maize
10,92245000,92305000,54.75760247,11.8869181,Teosinte/Maize
10,99475000,99495000,52.24782096,10.73606647,Teosinte/Maize
10,102575000,102795000,53.63747507,10.4990694,Teosinte/Maize
10,105085000,105105000,51.45770109,10.54791177,Teosinte/Maize
10,109965000,110005000,33.09956251,10.69750603,Teosinte/Maize
10,135135000,135145000,61.0643329,9.942398287,Teosinte/Maize
10,135245000,135275000,60.37378015,11.33340916,Teosinte/Maize