Marker,Chr,Genetic,Physical
an1.5,1,94.9,175642801
csu1171.2,1,29.7,14638947
fea2.3,4,58.8,133663063
kip1.3,1,152,256513832
lac1.3,6,44.4,120136318
PHM10225.15,7,112.3,167937995
PHM10321.11,2,74.8,62924337
PHM10404.8,2,67.9,40503046
PHM11114.7,8,53.4,72628174
PHM11226.13,9,87.8,146673078
PHM1184.26,4,7.2,3046717
PHM11985.27,6,59.2,147224252
PHM1218.6,9,18.6,11501400
PHM12625.18,10,43.8,106794844
PHM12706.14,1,123.7,212951055
PHM12749.13,8,82,156372834
PHM1275.22,1,198,296021192
PHM12830.14,7,49.2,82649308
PHM12859.7,3,20.5,5673605
PHM12990.15,10,40.8,87084632
PHM12992.5,5,58.4,39192429
PHM13020.10,6,45.7,123770193
PHM1307.11,4,55.4,56312802
PHM13122.43,5,13.3,4201060
PHM13360.13,2,76.5,110826138
PHM13440.13,2,5.7,2539947
PHM13619.5,1,39.2,22253283
PHM13623.14,4,52.8,35217457
PHM13673.53,3,100.8,194012127
PHM13681.12,9,107.6,153037306
PHM13687.14,10,47.1,117991482
PHM13823.7,3,55.5,40322831
PHM14046.9,8,117.5,170807917
PHM14055.6,4,55.4,53441525
PHM14104.23,8,123.2,171893959
PHM14152.18,8,69,132879659
PHM14412.4,2,107.9,202955053
PHM14475.7,1,152.4,257186525
PHM1511.14,2,5.7,2496439
PHM15278.6,8,82.3,156724363
PHM15331.16,10,28.5,10882576
PHM15427.11,4,52.1,34019211
PHM15445.25,9,101.2,151478943
PHM15449.10,3,60.8,128792708
PHM15474.5,3,57.1,53890683
PHM15501.9,7,47.8,30680938
PHM15623.10,8,88.5,161188668
PHM15868.56,10,64.5,137499964
PHM15871.11,1,129.8,223034951
PHM15899.9,3,56,44223736
PHM15961.13,6,0,9498146
PHM16125.47,2,107.5,202311625
PHM16437.20,7,81.1,148454268
PHM16605.19,1,146.6,251143648
PHM1675.29,3,92.6,182088805
PHM16854.3,5,58,35277086
PHM17210.5,3,90,179994880
PHM1745.16,3,63.8,143898953
PHM1766.1,9,74,140774640
PHM18195.6,10,43.8,106953191
PHM1834.47,8,92.1,163742555
PHM18513.156,10,63,136941040
PHM1870.20,5,63,60002398
PHM18705.23,1,179.4,285650152
PHM1911.173,9,107.5,152862048
PHM1959.26,3,79.3,170110387
PHM1962.33,2,56.8,24814259
PHM1968.22,1,98.4,183802036
PHM1978.111,8,47.4,21824853
PHM2100.21,4,126.9,236111113
PHM2244.142,1,9.7,5589651
PHM2343.25,3,53.4,28334398
PHM2350.17,8,50,23959232
PHM2423.33,3,152.4,229252099
PHM2438.28,4,12.2,3890893
PHM2478.22,1,134,227437189
PHM2551.31,6,13.1,86257854
PHM2672.19,3,136.8,221436056
PHM2749.10,8,127.4,172948568
PHM2770.19,10,36.9,72807075
PHM2828.83,10,21.3,6594058
PHM2885.31,3,77.4,167473009
PHM3034.3,1,151.8,256489030
PHM3055.9,2,103.7,195523744
PHM3078.12,7,26.3,6065421
PHM3094.23,2,152.5,234722573
PHM3137.17,5,28.4,7527027
PHM3155.14,4,78.4,171376858
PHM3171.5,5,63.6,62113519
PHM3226.15,1,39.5,22596124
PHM3301.28,4,19.4,5666685
PHM3330.25,9,63.3,132886286
PHM3342.31,3,131.4,217695856
PHM3457.6,2,74.8,62925488
PHM3465.6,8,88.2,160769665
PHM3512.186,5,112,204322970
PHM3626.3,2,77.4,128406788
PHM3631.47,10,8.9,4666194
PHM3637.14,4,92.7,180672091
PHM3668.12,2,106.1,198455083
PHM3691.18,5,58.3,38484956
PHM3765.7,10,24,8355333
PHM3852.23,3,145.3,225307987
PHM3896.9,10,32.4,14645128
PHM3922.32,10,33.8,17678972
PHM3925.79,9,0,4009899
PHM3993.28,8,64.2,120061120
PHM4080.15,7,44.7,20247641
PHM4125.11,4,129.3,236701272
PHM4145.18,3,50.2,21368486
PHM4165.14,5,64.4,66431937
PHM4203.11,8,69.7,134846218
PHM4204.69,3,38.3,12132193
PHM4303.16,9,98.2,150813145
PHM4341.42,10,46.7,117566331
PHM4348.16,4,105,191767453
PHM4353.31,7,48.2,34185670
PHM4468.13,6,108.3,167412802
PHM448.23,8,69.8,135091399
PHM4503.25,6,86.5,161012360
PHM4531.46,1,39.7,22892866
PHM4586.12,2,61.8,29679728
PHM4604.18,9,89.3,147354765
PHM4621.57,3,77,167371830
PHM4647.8,5,57.6,33285364
PHM4711.14,8,18.3,6705839
PHM4748.16,6,78.6,158417337
PHM4757.14,8,80.2,152754286
PHM4786.9,8,100.3,166079060
PHM4818.15,7,49.2,79009776
PHM4880.179,2,76.5,107189673
PHM4905.6,9,64.3,133887576
PHM4913.18,1,64.9,50096448
PHM4926.16,1,141.9,241222820
PHM5019.59,8,127.9,173115474
PHM5098.25,1,74.7,67646946
PHM5181.10,9,26.8,15614737
PHM5296.6,5,90.6,181387545
PHM532.23,5,101.9,193730972
PHM5359.10,5,10.1,3396978
PHM537.22,10,43.4,99604014
PHM5435.25,10,82.2,144683765
PHM5468.25,8,68,130509443
PHM5480.17,1,116.5,204758132
PHM5484.22,1,129.8,21571529
PHM5502.31,3,58.1,68056867
PHM5526.25,1,157.1,262720121
PHM5572.19,4,52.8,35547209
PHM5599.20,4,119.6,233627802
PHM565.31,5,53.9,24378385
PHM5665.26,4,124.5,235165979
PHM5794.13,6,75.8,156592745
PHM5798.39,5,65.9,71846725
PHM5817.15,2,0,1269352
PHM5822.15,2,29.8,10516660
PHM6043.19,1,127.6,217524979
PHM6111.5,2,53.3,22068777
PHM6238.36,1,13.4,7193713
PHM6428.11,8,48.6,22392417
PHM7616.35,1,202.4,299197628
PHM7898.10,7,111.8,167715525
PHM7922.8,6,94,163017460
PHM7953.11,2,106.3,198859433
PHM816.29,9,87.3,146459179
PHM824.17,3,100.5,192221844
PHM8527.2,4,40.4,17330826
PHM890.20,3,65.2,147676950
PHM8909.12,6,18.6,92994856
PHM904.21,7,49.2,80166256
PHM9162.135,7,76.5,143410022
PHM9241.13,7,21.8,5095621
PHM934.19,8,63.3,118191641
PHM9374.5,9,31.2,17750933
PHM9418.11,1,87.3,97678287
PHM9695.8,8,32.1,12285916
PHM9807.9,1,196.5,295427860
PHM9914.11,3,72.9,161257992
PZA00006.17,6,13.1,86257528
PZA00007.1,10,82.1,144616587
PZA00015.5,9,54,113420650
PZA00020.5,8,98.2,165411485
PZA00029.17,2,79.8,147310722
PZA00048.1,10,42.9,98715751
PZA00057.2,4,65.9,155907930
PZA00058.1,8,17.6,6023496
PZA00060.2,9,62.2,129011584
PZA00062.4,10,93.7,147460425
PZA00067.10,5,72.5,145869341
PZA00068.1,1,99.2,183986082
PZA00071.2,8,129.8,173864256
PZA00079.1,10,33.9,18859495
PZA00081.18,1,61.6,45513415
PZA00084.2,7,49.1,41732007
PZA00088.3,3,154.7,230181537
PZA00090.1,8,70.6,138794731
PZA00100.10,3,20.5,5673891
PZA00104.1,4,57.7,86504397
PZA00106.10,1,20.1,10096431
PZA00108.4,2,38.6,13851652
PZA00111.10,7,72.7,139366439
PZA00112.5,5,41.5,13721672
PZA00130.9,10,80.8,143674115
PZA00131.15,1,116.4,203947082
PZA00132.17,7,48.1,31773777
PZA00139.4,4,43.9,20200808
PZA00148.3,5,76.9,164727639
PZA00152.1,9,53.1,110657630
PZA00155.1,4,111.5,215267112
PZA00158.2,6,5.1,24611553
PZA00163.4,2,134.3,223310842
PZA00172.12,2,11.5,4190118
PZA00175.2,1,16.2,8558256
PZA00181.2,1,15.6,8351543
PZA00186.4,3,77,167371799
PZA00189.23,8,119,171302381
PZA00191.5,5,3.5,2120221
PZA00193.2,4,105.4,192205587
PZA00213.19,9,62.9,130918999
PZA00214.1,6,18.6,92813618
PZA00218.1,4,56.4,71640363
PZA00219.7,3,136.8,220883383
PZA00222.7,5,62.6,59271817
PZA00223.4,6,75.8,156592786
PZA00224.4,2,86.9,178879539
PZA00225.8,9,51.9,107625055
PZA00235.9,1,193.1,293795952
PZA00240.6,1,59,41104295
PZA00243.25,1,199.4,296891802
PZA00245.20,1,179.1,285522257
PZA00255.14,5,81.7,170416093
PZA00256.27,7,43.9,17520294
PZA00261.6,5,66.8,75935660
PZA00265.6,3,57.6,56325349
PZA00266.7,6,86.7,161454721
PZA00271.1,4,80.6,172522625
PZA00273.5,5,68.7,84064866
PZA00276.18,1,191.7,293150895
PZA00279.2,3,56.9,53145788
PZA00282.19,4,141.1,239501510
PZA00285.3,9,12.6,8955852
PZA00294.22,1,73.3,63891892
PZA00297.2,3,55.5,40322808
PZA00300.14,5,83.4,172395199
PZA00307.14,1,191.5,293041693
PZA00308.24,3,103.7,197948162
PZA00309.1,3,0,1298537
PZA00316.10,3,145.1,225099466
PZA00323.3,9,88.5,146915036
PZA00332.5,4,102.9,189042036
PZA00337.4,10,40.6,86424768
PZA00339.4,1,156.5,261177751
PZA00343.31,1,197.2,295762684
PZA00344.10,4,101.3,187355764
PZA00348.11,3,54.9,32780218
PZA00352.23,5,100.2,191590719
PZA00355.2,6,11.1,79915132
PZA00357.19,6,52.5,134461937
PZA00362.1,8,96.5,165234875
PZA00363.7,3,61.8,135907308
PZA00365.2,2,0,1268875
PZA00368.1,8,17.1,5678681
PZA00379.2,8,53,67381250
PZA00380.10,3,55.5,39822311
PZA00381.4,1,140.2,238343143
PZA00382.17,6,43.7,118604616
PZA00386.4,7,117.8,170656288
PZA00390.7,2,115.7,209927506
PZA00400.3,10,43,98999036
PZA00402.1,3,140.7,223179497
PZA00409.17,10,36.5,62249670
PZA00416.7,8,20.7,7981844
PZA00418.2,7,49.2,82649117
PZA00424.1,7,134.1,174785900
PZA00425.11,1,37.8,21468295
PZA00427.3,6,11.1,80974960
PZA00429.1,8,74.3,145842587
PZA00432.4,1,202.2,298689673
PZA00436.7,4,21.3,6408499
PZA00444.1,10,43.8,106952925
PZA00445.22,4,55.2,49917660
PZA00447.8,1,17.4,9052735
PZA00453.2,4,76.2,167190374
PZA00463.3,10,31,13493461
PZA00466.1,9,20.7,12104064
PZA00473.5,6,45.9,124146768
PZA00485.2,2,77.1,124057780
PZA00494.2,3,97.8,187930027
PZA00495.5,2,84,173250593
PZA00497.4,2,49.8,19917977
PZA00498.5,8,52.4,52299429
PZA00499.3,5,58,35276907
PZA00505.6,7,113.4,168255169
PZA00508.2,3,38.3,12132551
PZA00509.1,3,57.7,58294211
PZA00511.3,9,89.8,147513462
PZA00513.1,4,118.9,232940724
PZA00515.10,2,84,172144017
PZA00517.7,5,49,18348509
PZA00521.3,4,115.2,229180768
PZA00525.17,2,5.7,2540045
PZA00527.10,2,129.8,219860208
PZA00528.1,1,15.6,8353076
PZA00529.4,4,124.5,235165898
PZA00541.1,4,52.8,35757555
PZA00543.12,6,11.3,81693128
PZA00545.26,5,123.1,207708797
PZA00571.1,6,44.6,120640847
PZA00581.3,3,56.4,49148251
PZA00589.10,9,45.3,43679421
PZA00590.1,2,53.3,22069205
PZA00610.16,1,174.6,281206812
PZA00616.13,7,63.2,128374374
PZA00619.3,1,108.4,195557990
PZA00623.3,1,193.8,294729469
PZA00635.7,2,73.5,59764721
PZA00637.6,2,84,172403224
PZA00643.13,5,69.7,91814175
PZA00647.9,10,52.2,130080970
PZA00652.17,5,106.2,199226793
PZA00658.21,1,132.9,225130631
PZA00664.3,1,134.7,228195041
PZA00667.2,3,74.3,162743863
PZA00675.1,8,91.3,162756335
PZA00680.3,2,0,1094394
PZA00683.4,4,22,6601333
PZA00693.3,9,44.5,28399313
PZA00694.6,4,116.1,230190074
PZA00695.3,7,120.4,171232753
PZA00704.1,4,58.6,129738491
PZA00706.16,8,88.5,161188592
PZA00707.9,3,58.9,114435699
PZA00708.3,9,103,151720455
PZA00717.15,8,53,70199463
PZA00731.7,1,17.9,9304303
PZA00740.3,7,72.7,139602620
PZA00749.1,3,25.7,6926974
PZA00750.1,3,129.8,217421513
PZA00752.1,1,81.4,82019775
PZA00758.1,8,49.9,23769876
PZA00760.1,8,125,172351442
PZA00766.1,8,69.8,135091499
PZA00770.1,8,69.7,135456888
PZA00783.1,3,82.3,173473417
PZA00793.2,8,52.7,66143070
PZA00795.1,7,105.2,165102982
PZA00801.1,5,57.3,32227047
PZA00803.3,2,106.5,198900736
PZA00804.1,2,123.9,215089816
PZA00805.1,5,62.3,58202730
PZA00814.1,10,41.1,87270380
PZA00821.1,6,95.7,163835693
PZA00824.2,2,105.3,196899634
PZA00827.1,3,68.9,156790687
PZA00828.2,3,70.6,158896370
PZA00832.1,9,101.2,151479332
PZA00836.1,5,132.6,211177741
PZA00838.2,8,87.3,160240426
PZA00840.1,9,62,128457261
PZA00856.2,1,199.4,296905665
PZA00860.1,9,32.6,18782106
PZA00865.1,5,30.8,9329640
PZA00866.2,10,49,124526091
PZA00878.2,4,112.5,220606809
PZA00881.1,5,70,98651459
PZA00887.1,1,21.9,10961962
PZA00889.2,6,94.1,163099089
PZA00892.5,3,107.7,201685053
PZA00894.7,1,180.9,286977415
PZA00902.1,2,6.8,3081671
PZA00904.1,8,103.7,167092992
PZA00908.2,8,57.5,101178933
PZA00910.1,6,106.6,166592347
PZA00912.2,9,94.8,149544521
PZA00920.1,3,64.1,146643988
PZA00925.2,9,45.9,77026388
PZA00933.3,10,36.9,71465771
PZA00934.2,5,56.1,30750567
PZA00939.1,1,88.6,107187523
PZA00941.2,4,100.5,186483560
PZA00942.2,6,27.8,102411759
PZA00947.1,9,49.1,99848290
PZA00948.1,3,70.1,158513710
PZA00951.1,8,81.6,155973496
PZA00962.1,1,59.9,43669240
PZA00963.3,5,114,204759286
PZA00975.1,4,25.9,9759854
PZA00978.1,1,177.5,284010510
PZA00980.1,5,114.3,204909284
PZA00981.3,5,58.3,37720441
PZA00985.1,5,42.7,14060419
PZA00986.1,7,63.7,129358749
PZA00987.1,5,84,172937146
PZA00991.2,1,192.5,293627565
PZA00996.1,5,58.3,38478710
PZA01001.2,10,91,146999603
PZA01019.1,1,120.3,208733347
PZA01028.2,7,117.6,170567749
PZA01029.1,6,41.5,113885960
PZA01030.1,1,34.3,17746383
PZA01035.1,3,103.2,197247713
PZA01038.1,8,67.1,125007237
PZA01044.1,7,134.4,175197945
PZA01049.1,8,68,130408047
PZA01050.1,5,64,64116507
PZA01055.1,6,44.4,120020457
PZA01060.1,5,153.4,217376156
PZA01062.1,9,47,90969667
PZA01068.1,1,196.9,295588573
PZA01072.1,8,61.9,115134656
PZA01073.1,10,83.2,144982565
PZA01079.1,8,36.4,14068718
PZA01089.1,10,46.7,117566548
PZA01096.1,9,69.4,137848869
PZA01106.3,4,52.8,35217409
PZA01113.1,7,50.2,98556917
PZA01114.2,3,55.5,40528511
PZA01122.1,4,33.9,12609493
PZA01135.1,1,82.4,83780725
PZA01140.1,5,137,212240868
PZA01141.1,10,47.6,120824112
PZA01142.4,5,107,200552003
PZA01144.1,6,59.5,147656353
PZA01154.1,3,131.4,217695689
PZA01186.1,8,48.6,22392980
PZA01187.1,4,89.1,178580488
PZA01195.3,9,18.7,11504584
PZA01196.2,8,50.6,24721886
PZA01209.1,8,52.4,56203327
PZA01211.1,2,10,3606091
PZA01216.1,1,116.2,203587826
PZA01228.2,3,100.1,191612808
PZA01230.1,7,49.1,44029748
PZA01232.1,2,81.7,158675079
PZA01233.1,3,132.8,218325303
PZA01239.2,1,201,297974901
PZA01241.2,10,53.2,130823780
PZA01246.1,1,178.4,285125030
PZA01254.2,1,88.6,107365735
PZA01257.1,8,53,70512994
PZA01259.1,5,126.4,208745928
PZA01265.1,5,109,201993308
PZA01267.3,1,79.9,77242690
PZA01271.1,1,0,1963154
PZA01278.2,7,121.1,171734222
PZA01280.2,2,80.7,152235728
PZA01281.2,9,49.1,99416278
PZA01284.6,5,37.9,12036037
PZA01289.1,4,77.2,170517844
PZA01290.1,8,127.9,173107403
PZA01292.1,10,44.3,109804242
PZA01297.1,8,54.8,84066730
PZA01301.1,8,54.7,83436171
PZA01303.1,5,66,73132746
PZA01304.1,5,89.1,179195391
PZA01313.2,10,5.9,4072690
PZA01315.1,1,72,60165124
PZA01316.1,8,99,165681934
PZA01321.1,2,82.8,167417879
PZA01327.1,5,45.4,15138119
PZA01332.2,4,110.1,207265372
PZA01336.1,2,62.2,30906065
PZA01342.2,6,61.4,148634319
PZA01348.1,1,54,34405561
PZA01349.2,5,65.4,70028590
PZA01352.5,2,141.3,229478174
PZA01357.2,8,39.3,16745740
PZA01360.3,3,146,225454289
PZA01363.2,8,54.7,83793044
PZA01365.1,5,71.3,140093904
PZA01369.1,9,85.6,145347369
PZA01371.1,5,30.3,8259987
PZA01374.1,2,59.9,28394927
PZA01386.3,9,21,12345938
PZA01391.1,1,116.5,204757929
PZA01396.1,3,75.9,166377572
PZA01410.1,5,84.1,173389286
PZA01414.1,7,115.4,169095061
PZA01422.3,4,47.7,24613495
PZA01425.2,6,10.7,78199931
PZA01426.1,7,0,775637
PZA01427.1,5,53.6,23265300
PZA01438.1,5,7.2,2707750
PZA01445.1,7,49.1,51039765
PZA01447.1,3,57.1,53890967
PZA01451.1,10,25,9378309
PZA01455.1,1,54,34317549
PZA01456.2,10,61.6,136296385
PZA01457.1,3,104,198683470
PZA01468.1,6,86.8,161548253
PZA01470.1,8,53.9,74531570
PZA01473.1,3,54.8,32411529
PZA01476.1,1,72.5,61143070
PZA01477.3,4,81.6,173210249
PZA01497.1,1,29.7,14639175
PZA01501.1,3,106.3,201095695
PZA01509.1,6,8.2,39370507
PZA01523.1,5,47,16320695
PZA01527.1,6,8.8,58264144
PZA01530.1,5,58.3,38484773
PZA01533.2,7,112.7,168079207
PZA01537.2,2,81.2,153794103
PZA01542.1,7,72.2,135508838
PZA01552.1,6,48,129703454
PZA01563.1,5,57.6,33285056
PZA01566.1,4,107.9,199076697
PZA01570.1,5,10.9,3538875
PZA01575.1,5,91.1,183121294
PZA01588.1,1,155.6,259375688
PZA01589.2,6,42.1,117104582
PZA01591.1,6,46.3,124805125
PZA01597.1,10,36.5,61794503
PZA01600.2,8,10.5,4281604
PZA01601.1,8,21.2,8288014
PZA01607.1,7,49.2,79010068
PZA01608.1,5,74.8,159288407
PZA01618.2,6,48,129664249
PZA01619.1,10,41.9,92133622
PZA01623.3,8,14.8,5161464
PZA01638.1,2,84,171736973
PZA01642.1,10,32.4,14645503
PZA01652.1,1,29.9,14959203
PZA01658.1,4,81.7,173178376
PZA01672.1,6,70.4,154345567
PZA01677.1,10,36.9,71053038
PZA01680.3,5,127.2,209682546
PZA01681.1,4,81.9,173306335
PZA01688.3,3,145.3,225308118
PZA01690.7,7,63.4,128870878
PZA01691.1,8,30.2,11504467
PZA01693.1,5,68.7,84251695
PZA01713.4,4,52.8,35547338
PZA01714.1,7,69.8,134137353
PZA01729.1,6,45.7,123748714
PZA01735.1,2,91.5,184692191
PZA01736.1,6,43.4,118087791
PZA01741.1,8,82.6,157375313
PZA01744.1,7,134,174759613
PZA01751.2,4,53.7,37348608
PZA01753.1,2,40.6,14836855
PZA01755.1,2,56.9,25310110
PZA01759.1,4,55.4,53078735
PZA01763.2,5,79.8,168673498
PZA01765.1,3,33.7,9806074
PZA01766.1,4,97.9,184547096
PZA01779.1,5,68.1,81950336
PZA01787.1,8,68,130509618
PZA01790.1,4,106.7,196513728
PZA01791.2,9,46.1,81015267
PZA01796.1,5,75.6,160989981
PZA01802.3,7,114.6,168660135
PZA01804.1,5,62.4,58602681
PZA01807.1,1,202,298436178
PZA01810.2,4,107.4,198078892
PZA01819.1,9,58.1,122826982
PZA01820.1,2,70.9,48109181
PZA01861.1,9,46.6,88651842
PZA01866.1,9,64.3,133886984
PZA01875.1,6,108.2,167034073
PZA01877.2,10,38.6,77678052
PZA01879.1,2,53.4,22275514
PZA01883.2,10,24.8,9401386
PZA01884.1,6,50.7,132064240
PZA01885.2,2,115.7,209833930
PZA01887.1,5,0,656148
PZA01895.1,2,139.8,228872983
PZA01901.1,6,8.1,38269597
PZA01902.1,2,76.3,93130728
PZA01905.12,4,136.6,238471063
PZA01919.2,10,44.7,111430628
PZA01925.1,5,30.4,8508510
PZA01926.1,4,69.8,159073222
PZA01933.3,7,50.7,103507523
PZA01935.10,2,19.5,6474554
PZA01936.4,7,49.1,45386174
PZA01946.7,7,63.7,129350989
PZA01951.1,8,32.3,12563519
PZA01954.1,4,98.3,185310989
PZA01960.1,8,53,163870059
PZA01962.12,3,90,179995065
PZA01963.15,1,116.4,204259694
PZA01964.29,8,106.9,168277887
PZA01972.14,8,61.3,112677295
PZA01976.9,4,92.8,180785427
PZA01978.23,1,169.2,277601629
PZA01991.3,2,134.3,223409918
PZA01993.7,2,64.2,34700898
PZA01995.2,10,69.2,139978756
PZA01999.3,9,40,23256621
PZA02002.1,4,49.4,28980120
PZA02011.1,8,71.6,141599772
PZA02014.3,1,124.2,213152330
PZA02015.11,5,124.9,208270391
PZA02017.1,2,106.2,198722945
PZA02018.1,7,50,97341181
PZA02019.1,8,58,102108063
PZA02027.1,4,58.8,133926556
PZA02029.21,5,30.3,7996528
PZA02032.1,1,5.1,4446791
PZA02033.1,8,69.7,135061056
PZA02035.5,7,7,2582718
PZA02040.2,5,83.3,172095659
PZA02044.1,1,188.2,291862723
PZA02048.2,6,41.5,114741030
PZA02049.1,10,81.6,144469845
PZA02060.1,5,110.2,203205315
PZA02068.1,5,115.1,205308574
PZA02070.1,1,89.1,115408720
PZA02077.1,2,115.3,209497851
PZA02080.1,2,56.8,24813866
PZA02081.1,2,18.3,5925823
PZA02087.2,1,178.5,285137381
PZA02090.1,3,15,4189821
PZA02094.9,1,31.7,15775282
PZA02095.10,10,15.2,5591691
PZA02098.2,3,29.7,8300032
PZA02111.1,9,65.4,134641216
PZA02113.1,5,56.2,30994484
PZA02114.1,1,69.6,56076331
PZA02117.1,1,131.6,224078702
PZA02122.9,3,105,199624131
PZA02128.3,10,44.8,111779138
PZA02129.1,1,3.7,3733167
PZA02133.10,2,5.7,2496390
PZA02134.3,3,58,67695082
PZA02135.2,1,92,166710816
PZA02138.1,4,33.8,11916439
PZA02141.1,6,101,164891527
PZA02147.1,4,60.6,144840177
PZA02148.1,6,56.3,143696195
PZA02151.3,4,118.4,231727757
PZA02164.16,5,70,112928392
PZA02168.1,2,72.1,51816033
PZA02170.1,2,151.6,234211936
PZA02174.2,8,9.8,4176433
PZA02175.1,2,6.4,2805975
PZA02182.1,3,146.8,225766852
PZA02186.1,1,135.2,228563313
PZA02191.1,1,97.7,182538809
PZA02194.1,4,93.2,181223123
PZA02195.1,1,57.2,39219412
PZA02197.1,9,88.4,146872957
PZA02203.1,8,52.4,58534317
PZA02204.1,1,171.4,279682238
PZA02207.1,5,60.6,49897470
PZA02208.1,2,17.8,5832980
PZA02209.2,5,90.6,181212208
PZA02212.1,3,84.6,176295169
PZA02219.2,10,47.1,118506382
PZA02221.20,10,0.2,2462408
PZA02223.2,7,112.2,167840680
PZA02235.14,9,67,136515135
PZA02236.1,7,51.2,106754355
PZA02239.12,4,138.1,239099604
PZA02247.1,6,58.2,146378553
PZA02252.2,9,74.2,140970753
PZA02255.2,3,54.9,33556885
PZA02262.3,6,52.5,134923548
PZA02264.5,2,7.1,3180038
PZA02266.3,2,139.7,228860302
PZA02271.1,1,56.5,38549611
PZA02272.3,2,28.2,9962933
PZA02274.1,7,135,175743551
PZA02278.1,1,162.8,270965149
PZA02279.1,2,73.6,60416908
PZA02281.3,8,128.4,173408262
PZA02284.1,1,17.9,9302021
PZA02289.2,4,93.2,181229893
PZA02291.1,7,49.5,85882473
PZA02292.1,1,65.7,51291743
PZA02316.22,5,9.1,3095821
PZA02320.1,10,56.1,132620909
PZA02325.4,9,57.7,122199747
PZA02328.5,6,53.1,137079554
PZA02329.2,2,113.7,165136833
PZA02337.4,2,41.5,15580132
PZA02344.1,9,23.8,13772771
PZA02352.1,7,64.9,130319590
PZA02356.7,5,90.6,181387208
PZA02358.1,4,31.6,11389227
PZA02359.10,1,194,295018337
PZA02365.7,7,61.4,127149079
PZA02367.1,5,0.1,862416
PZA02371.6,2,83.1,168707481
PZA02372.1,1,11.5,6234332
PZA02373.1,7,110.7,167339364
PZA02376.1,1,60.8,44345232
PZA02378.7,2,64.1,34567551
PZA02381.1,9,93.5,149164320
PZA02383.1,5,98.8,189805227
PZA02385.6,4,39.2,15299213
PZA02386.2,7,95.2,160235246
PZA02388.1,8,0,169137
PZA02390.1,5,138,212682814
PZA02393.2,1,33.1,16581396
PZA02397.1,9,64.5,133919472
PZA02398.2,10,43.4,99603782
PZA02402.1,3,81,171444374
PZA02408.2,5,90.6,181197503
PZA02411.3,5,101.5,192848761
PZA02417.2,2,47.7,18075169
PZA02418.2,2,127.3,217658176
PZA02421.1,4,108.1,199784925
PZA02423.1,3,155.5,230745827
PZA02426.1,5,101.2,192167921
PZA02427.1,3,52.1,24353398
PZA02436.1,6,61.8,149086859
PZA02449.13,7,73.3,140424792
PZA02450.1,2,70.4,47158891
PZA02453.1,2,132.9,222601043
PZA02454.2,8,42,18215366
PZA02456.1,2,122.1,213948425
PZA02457.1,4,49.4,29170943
PZA02462.1,5,25.4,6859778
PZA02465.1,2,82.5,164723190
PZA02467.10,1,109.9,197074650
PZA02470.2,10,33.9,18670244
PZA02471.5,2,127.3,217651706
PZA02478.7,6,54.7,140913988
PZA02479.1,4,111.3,212747880
PZA02480.1,5,152.3,215833640
PZA02487.1,1,39.5,22595964
PZA02490.1,1,51.7,32578218
PZA02496.1,2,67.9,40349138
PZA02509.15,4,0,1255685
PZA02513.1,5,110.3,203314769
PZA02514.1,3,132.8,218484632
PZA02516.1,3,118.4,209735573
PZA02520.1,1,167.8,276209661
PZA02522.1,8,54.8,83920698
PZA02525.1,5,65.5,70044163
PZA02527.2,10,101.9,148972756
PZA02545.1,9,47,90969822
PZA02549.3,2,76.5,107189471
PZA02550.1,1,69.4,55071238
PZA02554.1,10,0,2454299
PZA02564.2,2,135.1,223975807
PZA02566.1,8,61.5,113659770
PZA02577.1,1,89.6,148458078
PZA02578.1,10,91.2,147014677
PZA02585.2,4,119.8,233845017
PZA02589.1,3,57.6,57656677
PZA02606.1,6,11.8,83229419
PZA02612.1,7,49.1,46481721
PZA02613.1,9,57.3,120363712
PZA02614.2,4,108.3,200539283
PZA02616.1,3,120.7,211720827
PZA02619.1,3,59.7,123862971
PZA02626.1,2,79.8,147310459
PZA02633.4,5,90.2,180737094
PZA02641.2,5,80.7,169578593
PZA02643.1,7,69.8,134099896
PZA02645.2,3,58.3,93184314
PZA02648.2,9,42.8,25727342
PZA02653.12,5,22.1,5928250
PZA02654.3,3,90.1,180504690
PZA02663.1,10,64.8,137995210
PZA02665.2,3,132.8,218191148
PZA02667.1,5,110.7,203625112
PZA02668.2,3,134.6,219697823
PZA02673.1,6,55.7,142454079
PZA02676.2,5,63.2,60774480
PZA02678.1,3,20.1,5439342
PZA02680.1,2,125.9,216686712
PZA02681.8,2,6.4,2807845
PZA02683.1,8,56,91993060
PZA02686.1,1,54,34673143
PZA02688.2,6,96.4,163983562
PZA02698.3,1,164.6,273305618
PZA02699.1,3,57.9,64615276
PZA02702.1,9,28.5,16325791
PZA02705.1,4,52.1,34017442
PZA02722.1,7,81.2,148850405
PZA02727.1,2,142.7,230934520
PZA02731.1,2,107.1,200086659
PZA02733.1,3,111.2,205107723
PZA02737.1,1,69.1,53947111
PZA02741.1,1,91.4,161027952
PZA02742.1,3,58.2,97781701
PZA02746.2,8,94.1,164376577
PZA02748.3,8,63.5,118679265
PZA02750.3,1,87.9,102584245
PZA02751.1,5,99.5,190687917
PZA02753.1,5,27.5,7256175
PZA02763.1,1,87.9,102584146
PZA02767.1,4,56.5,72052851
PZA02769.1,5,153.3,216442657
PZA02774.1,2,71.3,48665321
PZA02779.1,4,108.7,201462955
PZA02815.25,6,109.7,168976337
PZA02818.6,5,67.5,78382179
PZA02820.17,5,108.8,201667249
PZA02824.4,3,133,218898830
PZA02853.11,10,35.8,25976272
PZA02854.13,7,76.5,143409735
PZA02862.3,5,66.8,239413450
PZA02872.1,7,39.9,13174365
PZA02878.13,9,45.2,37409502
PZA02890.4,2,98.9,190159942
PZA02939.10,2,81.7,159987573
PZA02941.7,10,36.9,71362010
PZA02955.3,8,37.1,14778018
PZA02957.5,1,176.9,282796367
PZA02961.6,10,33.3,16212608
PZA02964.7,2,117.5,211288247
PZA02969.9,10,81.3,144061151
PZA02981.2,5,78.4,167064846
PZA02982.7,4,61.8,149276923
PZA02984.10,7,73.4,194361466
PZA02985.5,1,157.6,263200803
PZA02992.15,4,62,150464488
PZA03001.15,1,137.6,231701106
PZA03012.7,8,62.3,116625425
PZA03020.8,1,176.9,283087613
PZA03024.16,5,106.4,199380293
PZA03027.12,6,75.1,156520755
PZA03032.19,3,82.1,173016068
PZA03036.6,9,44.6,7696725
PZA03037.2,1,181.3,287063457
PZA03047.12,6,6.9,31412258
PZA03048.18,4,48.3,26297333
PZA03049.24,5,69.5,89318174
PZA03054.5,3,54.7,32026168
PZA03057.3,9,45.9,76759828
PZA03063.21,6,7.8,35896206
PZA03064.6,1,146,249417407
PZA03070.9,3,56,44223657
PZA03074.27,1,115,201486994
PZA03081.1,4,110.4,209799999
PZA03092.7,5,37.9,12038114
PZA03102.9,6,57.5,145649075
PZA03116.1,4,75.3,166911503
PZA03119.1,3,57.3,54469324
PZA03120.1,6,8.7,57538273
PZA03135.1,8,57.7,101775361
PZA03142.5,2,54.9,22999224
PZA03146.4,3,127.7,215849898
PZA03152.3,4,61.8,147915924
PZA03154.4,3,109.2,204153246
PZA03155.3,4,112.2,216608367
PZA03165.1,2,109.9,205035850
PZA03166.1,7,76.2,143208018
PZA03167.5,5,125.2,208350299
PZA03168.5,1,66,51399258
PZA03172.3,5,98.2,188967651
PZA03176.4,7,89.4,157168710
PZA03178.1,8,29.8,11485052
PZA03182.5,8,80.8,153464299
PZA03183.5,1,62.1,45940239
PZA03184.2,2,90.1,182727562
PZA03188.3,1,175.7,281709021
PZA03189.4,1,73.3,64239480
PZA03193.2,1,123.7,212902115
PZA03194.1,1,123.7,212843739
PZA03196.1,10,48.8,124327829
PZA03198.3,3,60.5,127614867
PZA03200.2,1,89.7,148627884
PZA03203.2,4,57.4,82893043
PZA03205.1,4,107,197072849
PZA03211.6,2,80.6,151638671
PZA03212.3,3,25.4,6739219
PZA03226.3,5,50.8,20199664
PZA03227.1,4,0.1,1265191
PZA03228.4,2,50.8,20122898
PZA03231.1,4,57.9,96807714
PZA03235.1,9,56.7,118454738
PZA03243.2,1,60.8,44370563
PZA03247.1,4,52.8,35918862
PZA03254.1,4,56,65820374
PZA03255.1,3,101.4,195315915
PZA03265.3,1,125.9,215340335
PZA03270.2,4,56.3,68796507
PZA03274.4,5,50.8,20200581
PZA03301.2,1,141.9,241298148
PZA03317.1,5,99.3,150406739
PZA03320.6,5,99.7,190746502
PZA03321.4,2,153.4,236870780
PZA03324.1,5,90.8,182040351
PZA03344.2,7,45.8,22015062
PZA03363.1,7,49.1,47398516
PZA03385.1,4,53.4,37230464
PZA03391.1,3,136.8,221435924
PZA03404.1,1,147.9,253029622
PZA03409.1,4,58.6,129817994
PZA03416.7,9,30.4,17000218
PZA03451.5,5,63,60002766
PZA03452.6,5,91.9,183607971
PZA03457.1,1,157.7,263603731
PZA03459.1,4,58.9,135157951
PZA03461.1,6,33.4,110606988
PZA03465.1,1,84.9,88849284
PZA03469.1,9,45.3,42840082
PZA03470.1,9,54.7,114072155
PZA03488.1,6,22.1,95604950
PZA03491.1,10,36.2,36249609
PZA03521.1,1,20.1,10096012
PZA03527.1,3,22.5,5985118
PZA03529.1,2,97.5,189447059
PZA03531.1,1,99.3,184243434
PZA03536.1,5,80.7,169668984
PZA03551.1,1,24.4,12248731
PZA03559.1,2,41.8,15890017
PZA03561.1,1,72,60146795
PZA03564.1,4,57,79448096
PZA03568.1,2,58.8,27869268
PZA03573.1,9,114.8,154462461
PZA03577.1,2,154.9,236354027
PZA03587.1,4,56,65958274
PZA03596.1,9,47.2,93381704
PZA03597.1,4,56.1,66909481
PZA03598.1,4,135.6,238320489
PZA03602.1,2,120.5,212537417
PZA03603.1,10,75.4,142193827
PZA03604.1,10,75.4,142192879
PZA03605.1,10,75.4,142191644
PZA03606.1,10,75.4,142190710
PZA03607.1,10,75.4,142189643
PZA03613.1,1,0.9,2941320
PZA03624.1,7,44.7,20245628
PZA03629.1,2,72.1,51820222
PZA03634.1,2,52,21285732
PZA03637.1,8,64.1,119832558
PZA03638.1,8,64.1,119831079
PZA03639.1,8,64.1,119831166
PZA03644.1,2,84.2,173781914
PZA03645.1,7,49.4,84844392
PZA03647.1,3,96.9,187033190
PZA03650.1,8,76.1,147725408
PZA03651.1,8,76.1,147726125
PZA03659.1,2,85.5,176727540
PZA03670.1,9,65.5,135267973
PZA03671.1,9,65.5,135270601
PZA03677.1,5,65.9,71845163
PZA03687.1,7,48.4,38205647
PZA03692.1,2,83.3,169540624
PZA03698.1,8,82.4,156907035
PZA03699.1,2,22.6,7525572
PZA03713.1,10,48,121752090
PZA03714.1,5,87.2,176219900
PZA03717.1,5,87.2,176216642
PZA03723.1,7,49.1,45150930
PZA03728.1,7,75.3,142783202
PZA03733.1,3,92.6,182279935
PZA03735.1,3,92.6,182281335
PZA03741.1,1,127.6,217587466
PZA03742.1,1,60.8,44373656
PZA03743.1,3,100.6,193609860
PZA03744.1,3,100.6,193609429
PZA03747.1,2,22.6,7516507
PZB00008.1,1,162.2,269324476
PZB00014.1,9,45.4,46498601
PZB00054.3,5,26,7125684
PZB00063.1,1,162.2,269322794
PZB00093.7,4,58.3,123980124
PZB00094.1,5,30.2,7985979
PZB00114.1,1,169.1,276994364
PZB00183.4,2,69.4,43558423
PZB00221.3,9,87.9,146686210
PZB00232.2,5,64,64119272
PZB00409.6,10,40.1,84096310
PZB00414.2,6,50,131157670
PZB00540.3,9,40,23256647
PZB00544.2,9,40,23258204
PZB00547.3,9,40,23258907
PZB00605.1,7,120.8,171703615
PZB00648.5,1,33.9,17660930
PZB00718.5,1,33.9,17666998
PZB00752.1,7,71.2,136868163
PZB00761.1,9,46.3,86863679
PZB00765.1,5,110.1,203037180
PZB00772.7,2,117.5,211400204
PZB00811.1,8,89.5,161839774
PZB00869.4,5,57.5,33052110
PZB00872.3,1,62.3,46138524
PZB00942.1,6,56.6,144565746
PZB00959.1,9,44.5,28610271
PZB01013.1,2,136.3,225305968
PZB01017.1,5,74.5,158686956
PZB01021.1,4,110.6,210690738
PZB01042.2,9,39.4,22103514
PZB01062.3,1,70.3,56747253
PZB01103.2,2,107.8,202921198
PZB01109.1,3,103,196440788
PZB01110.6,9,41.8,24069231
PZB01111.8,10,58.4,134413161
PZB01112.1,5,65,69119630
PZB01115.3,5,63.5,61672051
PZB01222.1,6,97.3,164321896
PZB01227.6,1,185,289547937
PZB01233.1,2,8.5,3388767
PZB01235.4,1,86.6,93909140
PZB01301.5,10,26.8,10196798
PZB01308.1,6,56.6,144566010
PZB01358.1,9,53.1,110988044
PZB01403.1,1,180,286359263
PZB01457.1,3,123.9,214279602
PZB01461.1,4,102.6,188385744
PZB01569.7,6,86.2,160623409
PZB01647.1,1,137.6,231703173
PZB01658.1,6,28.7,102823165
PZB01662.1,1,54,34408551
PZB01899.1,9,49.5,101476999
PZB01957.1,1,43.2,26202944
PZB02002.1,3,62.4,137231734
PZB02044.1,3,65.4,148289200
PZB02058.1,1,47.3,28421841
PZB02122.1,3,65.5,149241189
PZB02155.1,8,66.9,124657056
PZB02179.1,3,70.6,158890320
PZD00015.5,3,62.4,137229812
PZD00016.4,3,62.4,137228933
PZD00022.5,2,155.7,235852920
PZD00027.2,3,80.8,171429753
PZD00030.2,4,90.7,178889832
PZD00033.3,10,36,30868206
PZD00038.2,3,18.2,4862341
PZD00054.1,7,71.5,136261852
PZD00055.1,9,87.9,146686444
PZD00072.2,6,12.4,84787343
sh2.21,3,128.4,216417210
umc128.2,1,134.8,228254601
umc13.1,1,62.1,45939542
vdac1a.1,2,85.5,176646590
wx1.1,9,40,23258964
zb21.1,3,55.5,37869282
zb27.1,3,96.7,187005816
zb7.2,9,38.9,22105290
zfl2.9,2,36.2,12644166
ZHD1.1,9,39.4,22105207
