bin,mgerp,gen
1_0,2.705188679,3.881205039
10_1,2.148115979,2.644685842
10_10,1.739732301,1.133042484
10_100,1.8374,0.380984546
10_101,1.5455,0.405463394
10_102,2.188814681,0.347485732
10_103,2.459514286,0.237822442
10_104,1.192166667,0.177725382
10_105,2.45925,0.139836019
10_106,1.462293976,0.162702914
10_107,1.6848856,0.234002789
10_108,1.975626901,0.260405929
10_109,1.877056604,0.17467663
10_11,2.037882351,1.215541965
10_110,1.708459259,0.08092339
10_111,2.05142488,0.164318555
10_112,1.755317032,0.455947164
10_113,1.82583133,0.776276076
10_114,1.888737,0.83106671
10_115,1.671645367,0.528201835
10_116,2.018933065,0.112661331
10_117,1.875411745,0.106557892
10_118,1.900075874,0.024542588
10_119,1.83469604,0.339964705
10_12,1.806233071,1.041519517
10_120,1.929957195,0.678515958
10_121,1.698752475,0.773425113
10_122,1.944154918,0.635842903
10_123,1.88659359,0.483989103
10_124,1.760212791,0.724752883
10_125,1.82379,1.255757375
10_126,2.131311066,1.699678312
10_127,1.746916374,1.559157967
10_128,1.769848708,0.65517105
10_129,2.038972509,0.2661718
10_13,2.012971707,0.839868776
10_130,1.729177889,0.266398705
10_131,1.66719376,0.564804781
10_132,1.885079389,1.772090398
10_133,1.799626404,2.064892001
10_134,1.944881993,1.683370107
10_135,1.820194135,1.394031713
10_136,1.662534463,2.041986544
10_137,1.762120129,3.467700124
10_138,1.781461972,4.043408593
10_139,1.785665802,3.483968127
10_14,1.589813124,0.861416168
10_140,1.916247773,2.716877241
10_141,1.788494804,2.871963131
10_142,1.879381045,3.980993049
10_143,1.844655166,5.139616161
10_144,1.932205574,5.565455424
10_145,1.885694982,5.979842045
10_146,1.712626728,7.370643168
10_147,1.978380895,9.430299584
10_148,1.891612686,11.15988879
10_149,1.978848864,11.85613706
10_15,1.55594843,1.114857966
10_150,2.102975,11.86311462
10_16,1.961592593,1.333931327
10_17,1.901780263,1.3124552
10_18,2.001438596,0.909843786
10_19,1.601540517,0.305982259
10_2,1.896302513,3.18846367
10_20,1.865212389,0.212044815
10_21,2.460695652,0.313073226
10_22,1.721580795,0.053948141
10_23,2.140156345,0.551117492
10_24,1.958703191,0.850427676
10_25,2.114952459,0.722640045
10_26,1.77188172,0.128978725
10_27,2.35043487,0.474069477
10_28,1.729032692,0.718498592
10_29,1.353893617,0.641636217
10_3,1.637442466,5.046403641
10_30,1.987728235,0.296653094
10_31,2.062716049,0.162453206
10_32,2.737333333,0.43278802
10_33,1.162536842,0.459278634
10_34,1.890925926,0.156003459
10_35,2.073166667,0.222548627
10_36,2.165555556,0.454513709
10_37,1.9025,0.344605206
10_38,1.600265217,0.053247739
10_39,1.224,0.481416306
10_4,1.764580583,7.186983548
10_40,1.829561364,0.946713552
10_41,1.782363636,1.288474728
10_42,2.591666667,1.247847463
10_43,2.2665,0.846876703
10_44,1.625615385,0.410599569
10_45,2.083466667,0.08280842
10_46,2.06,0
10_47,2.027090909,0.431916381
10_48,1.553445455,0.55789372
10_49,2.209363636,0.656812396
10_5,1.785515211,7.897596214
10_50,2.218333333,0.67095552
10_51,2.05,0.632383799
10_52,2.826666667,0.536796061
10_53,2.1225,0.380366627
10_54,1.897268041,0.155718287
10_55,2.707083333,0.217685703
10_56,1.470289474,0.592327986
10_57,1.872822857,0.787084162
10_58,1.624161364,0.800576415
10_59,2.220096154,0.685873296
10_6,1.850282783,6.107674963
10_60,1.711065625,0.533801436
10_61,1.739420959,0.357839366
10_62,1.865099029,0.221520071
10_63,1.673977778,0.120100564
10_64,1.941535714,0.054029989
10_65,1.5465875,0.015520672
10_66,1.740227168,0.042725061
10_67,1.533685526,0.143044959
10_68,1.952692308,0.249900369
10_69,1.7015,0.273959393
10_7,1.533965753,3.494272751
10_70,1.875908046,0.177812761
10_71,2.093593846,0.031099749
10_72,2.007616049,0.179885731
10_73,2.260096575,0.237582631
10_74,2.791848485,0.080162141
10_75,1.859341304,0.181310319
10_76,1.887275586,0.532493515
10_77,1.617551053,0.876514254
10_78,1.60048189,1.041337551
10_79,1.679813953,1.034462896
10_8,1.934764151,1.661012118
10_80,1.451054054,0.828164096
10_81,2.243321834,0.52638987
10_82,1.76855404,0.294003953
10_83,1.453209091,0.268759407
10_84,1.719889231,0.402567486
10_85,1.78659375,0.454149207
10_86,1.877218145,0.354462522
10_87,1.771081977,0.175921222
10_88,1.738582278,0.012734182
10_89,1.601064865,0.020589328
10_9,1.769584035,1.07746763
10_90,1.750012583,0.020153956
10_91,1.909837143,0.091504564
10_92,1.516915493,0.12703667
10_93,1.932354839,0.10472581
10_94,2.01166,0.064533616
10_95,1.874787671,0.024292481
10_96,1.97705,0.035576722
10_97,1.877732184,0.073302958
10_98,1.7271,0.169904879
10_99,1.790268586,0.28758737
1_1,2.2490625,3.88023421
1_10,1.831851688,3.931062439
1_100,1.841241333,0.589717914
1_101,1.699910667,0.552411878
1_102,1.609357616,0.494825141
1_103,1.924503913,0.404408956
1_104,2.363807692,0.27411905
1_105,1.767446053,0.147812325
1_106,1.744126761,0.024633454
1_107,2.145708844,0.088614325
1_108,1.570523433,0.149949267
1_109,2.189361702,0.207897665
1_11,1.835942565,3.542548464
1_110,1.641882569,0.196778846
1_111,2.159059804,0.155422859
1_112,1.856010448,0.064352052
1_113,1.932327273,0.033709494
1_114,2.153482759,0.11449697
1_115,1.605339255,0.199065718
1_116,2.345867925,0.274108681
1_117,1.678875,0.322784728
1_118,2.279457143,0.33653647
1_119,1.768411268,0.341957255
1_12,1.982341742,3.146195284
1_120,1.644896703,0.305706812
1_121,1.935037037,0.245215381
1_122,1.732907216,0.186328074
1_123,1.7013,0.168033338
1_124,2.097533333,0.06838355
1_125,1.962095238,0.017190164
1_126,2.145,0.020204224
1_127,2.17821,0.067390349
1_128,3.32875,0.091623277
1_129,2.152571429,0.123234284
1_13,1.883420513,2.790690919
1_130,2.848384615,0.139958547
1_131,2.475323529,0.14646318
1_132,0.77,0.18591853
1_133,1.855,0.153573659
1_137,2.57,0.10066175
1_138,1.4315625,0.060358864
1_139,1.8351875,0.024435778
1_14,2.003327007,2.481464214
1_140,2.016046512,0.0242732
1_141,1.78302439,0.085047272
1_142,1.901464706,0.118571217
1_143,1.765286667,0.144759175
1_144,2.16627907,0.143911293
1_145,1.879613559,0.116957696
1_146,1.884511628,0.059232758
1_147,1.940074545,0.020409434
1_148,2.3844,0.117791457
1_149,1.614220388,0.184887539
1_15,1.893038438,2.256854309
1_150,1.862886364,0.241241871
1_151,1.744713235,0.24337562
1_152,1.772355556,0.193675742
1_153,1.637511628,0.119322163
1_154,2.041127273,0.021703391
1_155,1.589137,0.162654875
1_156,1.898985821,0.331227564
1_157,1.574539326,0.472707318
1_158,1.900564103,0.591282627
1_159,2.251387755,0.691022554
1_16,1.752995042,2.092152048
1_160,1.692660465,0.75062887
1_161,1.772766906,0.790371519
1_162,1.568184662,0.782888838
1_163,2.017166667,0.763190475
1_164,1.601004098,0.71482072
1_165,1.735672314,0.658935884
1_166,1.619625,0.580675376
1_167,1.867271318,0.513875143
1_168,1.217403125,0.458505273
1_169,2.415846154,0.439097783
1_17,1.923799367,1.988957482
1_170,1.764808571,0.438568512
1_171,2.03075431,0.457141785
1_172,1.905420192,0.526559188
1_173,1.944737156,0.633815802
1_174,1.76350133,0.755635149
1_175,1.723446552,0.891255437
1_176,1.72954901,1.034329237
1_177,1.713103774,1.210968957
1_178,1.673734615,1.365375514
1_179,1.964278261,1.470511003
1_18,1.885261434,1.933359255
1_180,1.649200302,1.551528477
1_181,1.880561137,1.575822194
1_182,1.907420606,1.583489812
1_183,1.839559274,1.590165568
1_184,1.896222266,1.606123846
1_185,1.615129348,1.659691877
1_186,2.137,1.740113977
1_187,1.62101875,1.885550399
1_188,1.997186598,2.076284634
1_189,1.780859022,2.287878608
1_19,1.546571032,1.915753668
1_190,1.740035246,2.475339702
1_191,1.928145848,2.595000368
1_192,1.994572014,2.654383164
1_193,1.779795679,2.651493256
1_194,1.813769312,2.556588915
1_195,1.556923256,2.427136011
1_196,1.932808945,2.277790129
1_197,1.900174216,2.152572688
1_198,1.471128638,2.078867569
1_199,1.868457993,2.036026178
1_2,2.111084516,3.947879501
1_20,1.988727287,1.91136065
1_200,1.615719421,2.031450456
1_201,1.606758649,2.000290951
1_202,1.682473723,1.955877841
1_203,1.841538621,1.884808112
1_204,2.005557917,1.772912623
1_205,1.876986636,1.628378567
1_206,1.71868961,1.49867282
1_207,2.032379787,1.413976371
1_208,1.714273333,1.362534834
1_209,1.679139153,1.36533715
1_21,1.687474747,1.921994481
1_210,1.892929078,1.422798635
1_211,1.90699102,1.544138226
1_212,1.627335152,1.669400613
1_213,1.866086547,1.76767618
1_214,1.842179012,1.86982487
1_215,1.644401563,1.872341167
1_216,2.191637681,1.80195659
1_217,1.899314148,1.655672421
1_218,1.8056,1.480437499
1_219,1.868241758,1.201358627
1_22,1.624589613,1.929267709
1_220,1.86105274,0.997872827
1_221,1.771440299,0.853522355
1_222,1.750628405,0.74570732
1_223,1.794788544,0.719153646
1_224,1.838951906,0.748214738
1_225,1.833939189,0.85074577
1_226,1.611975851,1.00775061
1_227,1.851548684,1.19189772
1_228,2.04624037,1.370165652
1_229,1.72390106,1.518697942
1_23,1.787841045,1.932526638
1_230,1.705492325,1.588287447
1_231,1.632315341,1.556462224
1_232,1.973897959,1.475093108
1_233,2.066028962,1.311676566
1_234,1.844407692,1.159316895
1_235,2.000058442,0.999372394
1_236,1.559943602,0.887246186
1_237,2.099223404,0.823568805
1_238,1.581269397,0.849300374
1_239,1.813471464,0.959699038
1_24,1.526193831,1.929678455
1_240,1.81752973,1.155572495
1_241,1.79957554,1.446061891
1_242,1.949628409,1.721666009
1_243,2.10517619,1.946165118
1_244,1.8402,2.097984436
1_245,1.622001053,2.120464945
1_246,1.619405449,2.059310204
1_247,1.989580833,1.913341321
1_248,1.951081731,1.741221794
1_249,1.921622742,1.568409997
1_25,1.864687742,1.897565392
1_250,1.790818565,1.468431906
1_251,1.930245151,1.438099444
1_252,1.628756596,1.48981039
1_253,1.728060448,1.597275621
1_254,1.75381094,1.740522853
1_255,1.812612563,1.848063675
1_256,1.620364901,1.918976995
1_257,1.489735821,1.897762897
1_258,2.161988987,1.786074318
1_259,1.661803536,1.614683978
1_26,1.894145761,1.864706932
1_260,1.786810526,1.409301389
1_261,1.83545697,1.194883448
1_262,1.768016263,1.009960878
1_263,1.662467204,0.889820878
1_264,1.909392857,0.824418752
1_265,1.860706471,0.844565018
1_266,1.404025472,0.930394699
1_267,1.918648045,1.098785232
1_268,1.929472679,1.298664137
1_269,1.888841348,1.458671161
1_27,1.77297697,1.819840572
1_270,1.831602282,1.526466328
1_271,1.572759431,1.48226261
1_272,1.544432,1.360488833
1_273,1.764463932,1.188266208
1_274,1.947290187,1.008633495
1_275,1.777092619,0.906080625
1_276,1.841102545,0.95227377
1_277,1.808921138,1.166553081
1_278,2.014813333,1.544720157
1_279,1.932226671,2.014799057
1_28,1.860637554,1.74781799
1_280,1.655101047,2.484564517
1_281,1.633201285,2.823165594
1_282,1.66553769,3.032223121
1_283,2.049408687,3.068003096
1_284,2.020289908,2.965738561
1_285,1.901117948,2.812275453
1_286,1.806876852,2.604895068
1_287,1.861404819,2.373591061
1_288,1.73856617,2.228411033
1_289,1.719283377,2.271374918
1_29,1.755356416,1.676447659
1_290,1.9169,2.479261034
1_291,1.697522727,2.828246854
1_292,1.702370358,3.209139984
1_293,1.683957353,3.631814697
1_294,1.936836937,3.961567675
1_295,1.9011329,4.141713097
1_296,1.692448256,4.175494678
1_297,1.755170991,4.061847828
1_298,1.825627854,3.908684248
1_299,1.929125531,3.763014618
1_3,1.907310397,4.078090087
1_30,1.448026946,1.617446449
1_300,2.254493966,3.67462801
1_301,2.488740741,3.646784398
1_31,1.817882614,1.600093096
1_32,1.773102241,1.619293011
1_33,1.706329901,1.674214761
1_34,1.801447305,1.768245729
1_35,1.63132702,1.890572447
1_36,1.73146366,2.026381074
1_37,2.006280345,2.145043381
1_38,1.802164917,2.22949845
1_39,1.856927788,2.229678773
1_4,1.837992266,4.281057612
1_40,1.693740222,2.146241785
1_41,2.313934656,1.991517991
1_42,1.898604598,1.779293165
1_43,1.755337901,1.559713898
1_44,1.815419518,1.372011175
1_45,1.487270492,1.258029265
1_46,2.020814099,1.248553409
1_47,1.858201621,1.334821214
1_48,1.779885057,1.464054414
1_49,1.64774557,1.728260247
1_5,1.699667391,4.476836086
1_50,1.708566071,2.040321415
1_51,1.649828465,2.2980814
1_52,1.819366769,2.448768491
1_53,1.672554062,2.483617073
1_54,1.903519174,2.344679698
1_55,2.033866176,2.070098453
1_56,1.838927765,1.712486245
1_57,2.049214953,1.312637417
1_58,1.608927119,0.885936279
1_59,1.78832605,0.579690942
1_6,1.761517113,4.622321452
1_60,1.991661538,0.349314111
1_61,1.899135714,0.232327234
1_62,1.870925263,0.216045382
1_63,1.876373024,0.290376909
1_64,1.818597026,0.382157816
1_65,1.775269959,0.507342193
1_66,1.765339241,0.625710964
1_67,1.907533621,0.711522394
1_68,2.017232877,0.785114234
1_69,1.870538816,0.839449045
1_7,1.963872943,4.662737339
1_70,1.873612667,0.870318084
1_71,1.737658037,0.9084867
1_72,1.50994382,0.94438034
1_73,1.635811686,0.971088248
1_74,1.742418605,0.997488974
1_75,1.847569945,0.998820711
1_76,1.718739474,0.986357302
1_77,1.791653279,0.924393735
1_78,1.786525821,0.845609174
1_79,1.991860947,0.724103017
1_8,1.879011883,4.548618758
1_80,2.106946497,0.58227111
1_81,1.681323188,0.478306667
1_82,1.742343258,0.403123806
1_83,1.545499398,0.38743132
1_84,1.846323207,0.418867028
1_85,1.762037853,0.489918098
1_86,1.91301963,0.567171484
1_87,1.93955332,0.646103937
1_88,1.849244444,0.700523951
1_89,1.87038375,0.734351562
1_9,2.005326808,4.283646418
1_90,1.604748686,0.720029624
1_91,1.713330303,0.655596555
1_92,1.703564151,0.592474329
1_93,2.098116476,0.529133425
1_94,2.010887069,0.475239996
1_95,1.881149593,0.481981314
1_96,1.974207317,0.496619441
1_97,1.661447423,0.529911709
1_98,1.781685938,0.568405989
1_99,2.155846809,0.600765134
2_0,2.207419355,4.848247064
2_1,1.956730043,4.913362779
2_10,2.123854248,4.540149182
2_100,1.97783871,0.036778971
2_101,2.08492,0.023182654
2_102,2.13186,0.04649703
2_103,1.967057143,0.048871635
2_104,1.828947368,0.06373879
2_105,2.231111111,0.040788746
2_106,2.011392045,0.031581075
2_107,1.464419697,0.021804806
2_108,2.080076923,0.02965775
2_109,2.054558824,0.0232433
2_11,1.90685471,5.298469477
2_110,1.964457155,0.041307762
2_111,1.767550495,0.052793349
2_112,1.886048193,0.066965556
2_113,2.177036585,0.062038011
2_114,1.61136055,0.052582484
2_115,2.0044725,0.037190252
2_116,1.563311765,0.014412441
2_117,1.761516667,0.011738343
2_118,1.61354573,0.015347192
2_119,1.710191667,0.02553072
2_12,1.783834171,4.979466571
2_120,1.78475,0.052709422
2_121,1.797173913,0.070651323
2_122,1.6111875,0.090195623
2_123,1.663909091,0.079936903
2_124,1.604130435,0.096900985
2_125,1.781043478,0.083485695
2_126,2.12572225,0.047485636
2_127,1.955454167,0.02719527
2_128,1.944608333,0
2_129,1.91329661,0.037124164
2_13,1.918995637,3.908669628
2_130,1.750265789,0.097721382
2_131,1.636825641,0.130860467
2_132,1.300539167,0.140644818
2_133,1.374304444,0.129196463
2_134,1.784920635,0.064953623
2_135,2.120722222,0.012783915
2_136,2.068616541,0.085739671
2_137,2.265020808,0.160455437
2_138,1.973521277,0.22049973
2_139,1.350840385,0.242033636
2_14,1.708995986,3.162818746
2_140,1.853285714,0.236026604
2_141,1.831105882,0.200082151
2_142,1.860407595,0.126378513
2_143,1.978866197,0.041949124
2_144,1.50085298,0.041334228
2_145,1.815776882,0.070776417
2_146,1.858240625,0.042318907
2_147,1.731402645,0.068971622
2_148,1.96471831,0.31783076
2_149,1.55847305,0.548632058
2_15,1.70161133,3.38333378
2_150,1.836904255,0.747333886
2_151,1.551384932,0.808316523
2_152,2.183012281,0.728206504
2_153,2.288252991,0.498369777
2_154,1.768789474,0.261282899
2_155,2.37734375,0.066423189
2_156,1.431709091,0.065617982
2_157,1.8412625,0.08958687
2_158,1.829496667,0.033600231
2_159,1.793278626,0.094071607
2_16,1.846805256,4.45731879
2_160,1.61604,0.283044426
2_161,2.073101796,0.439842802
2_162,1.977666667,0.605408722
2_163,1.803803279,0.689953359
2_164,2.032174615,0.681862348
2_165,1.715292073,0.587180672
2_166,2.3085,0.420800271
2_167,2.022211864,0.253992004
2_168,2.454597222,0.066383284
2_169,1.943743902,0.074047981
2_17,1.612734057,5.661312009
2_170,2.08810315,0.143111092
2_171,1.647534895,0.134255019
2_172,1.86336,0.03075201
2_173,2.033522396,0.108186587
2_174,1.604554511,0.223990161
2_175,1.83052341,0.30680258
2_176,1.552927857,0.355280991
2_177,1.643147059,0.380571809
2_178,1.580401194,0.405160119
2_179,1.687472028,0.45222657
2_18,2.028017278,6.306068286
2_180,1.807559091,0.512991218
2_181,1.641156784,0.567051632
2_182,2.013550971,0.66021373
2_183,1.788469849,0.759399851
2_184,1.827247494,0.880958893
2_185,1.73759592,1.007039838
2_186,1.635461646,1.121931051
2_187,1.901396557,1.144819691
2_188,1.753765926,0.956839034
2_189,1.694675937,0.60491974
2_19,1.775230859,6.258839169
2_190,1.73020725,0.252803592
2_191,1.657007216,0.091049988
2_192,1.693326362,0.251763604
2_193,1.752489384,0.722324297
2_194,1.825016962,1.342334319
2_195,1.657972603,1.887339634
2_196,1.767173042,2.40145883
2_197,1.842978716,2.633020402
2_198,1.837802961,2.345834986
2_199,1.711760475,1.571407982
2_2,2.069433184,5.184948893
2_20,1.779205088,5.399897425
2_200,1.915588194,0.756269951
2_201,2.059046875,0.27259215
2_202,2.044069417,0.331661994
2_203,1.984264726,0.781600697
2_204,1.800043632,1.491020685
2_205,1.859570342,2.156138409
2_206,1.745200853,2.481743464
2_207,1.855935095,2.470173458
2_208,1.623573848,2.179549979
2_209,1.715972041,1.789264002
2_21,1.701148214,3.811636605
2_210,1.992718483,1.39541374
2_211,1.760173597,1.235414389
2_212,1.757438636,1.45801376
2_213,1.798142355,1.975607965
2_214,1.786780161,2.559155611
2_215,1.907994771,3.005790208
2_216,1.97815559,3.02205796
2_217,2.014026584,2.641784468
2_218,2.021195,2.07072084
2_219,1.609828736,1.702243201
2_22,1.751252092,2.162945932
2_220,1.980737614,1.738553375
2_221,1.8946387,2.095139845
2_222,1.521359402,2.774796008
2_223,1.777465465,3.298810653
2_224,2.036471098,3.450543891
2_225,1.666328319,3.218949429
2_226,1.783108882,2.723547009
2_227,1.981446392,2.288790805
2_228,2.222769903,2.067767457
2_229,1.972223587,2.105465789
2_23,1.689795657,0.910394661
2_230,1.801946083,2.423860098
2_231,2.222593803,3.023140768
2_232,2.036513137,3.869572402
2_233,2.042446353,4.765645084
2_234,1.833993885,5.530211991
2_235,2.080476753,5.876475261
2_236,1.791060289,5.906087126
2_237,1.950570423,5.918027324
2_24,1.69011105,0.190444752
2_25,1.874508046,0.037668047
2_26,2.414453125,0.301669808
2_27,1.846559052,0.905826677
2_28,1.84230218,1.502066999
2_29,1.711018301,1.883288556
2_3,1.854378088,5.522401154
2_30,1.623739249,1.819732029
2_31,1.953188274,1.467593328
2_32,1.882396744,0.849189465
2_33,1.766512903,0.270832539
2_34,1.784008418,0.092332693
2_35,1.969561176,0.170213801
2_36,1.947071674,0.044707373
2_37,1.898329009,0.339395695
2_38,1.793904112,0.696854399
2_39,1.833470671,0.991338597
2_4,1.74986209,5.446846773
2_40,1.681861875,1.102008567
2_41,1.768770724,1.113127889
2_42,1.576950662,1.130221931
2_43,1.609382949,1.166641888
2_44,1.685433658,1.199033201
2_45,1.7796625,1.175455153
2_46,1.780424615,1.048063999
2_47,2.100848507,0.843316001
2_48,1.635054511,0.591573413
2_49,2.219127844,0.341371883
2_5,1.765343278,4.659033929
2_50,1.899068441,0.184662355
2_51,1.725562472,0.126967467
2_52,2.136758281,0.147755073
2_53,1.830685507,0.155906331
2_54,1.841967373,0.149957155
2_55,1.910549724,0.142395375
2_56,1.807503675,0.179731055
2_57,1.685898571,0.259592461
2_58,1.818969281,0.401177198
2_59,1.807301036,0.554024578
2_6,1.779090437,3.419072094
2_60,1.587257944,0.685826583
2_61,1.709436181,0.818290097
2_62,1.428572067,0.936741925
2_63,1.706781455,1.000453267
2_64,1.77378777,0.99008536
2_65,1.524597541,0.925041204
2_66,1.7465,0.8176071
2_67,2.251170732,0.720709178
2_68,1.604078125,0.594552753
2_69,1.881362637,0.456470031
2_7,1.829557656,2.443932965
2_70,1.828744545,0.307785433
2_71,1.786963492,0.19940365
2_72,1.625889576,0.131847558
2_73,2.415057692,0.107050526
2_74,1.6605,0.104820484
2_75,1.943333333,0.124104893
2_77,2.0925,0.127758519
2_78,2.431571875,0.067183306
2_79,1.458455926,0.040985916
2_8,2.027216807,2.319186297
2_80,1.452,0.136939248
2_81,2.426283562,0.202269463
2_82,2.193627907,0.207298998
2_83,1.440401829,0.144454843
2_84,2.167312037,0.056005654
2_85,1.806744186,0.031086859
2_86,1.813037037,0.105549066
2_87,2.582177966,0.169414762
2_88,1.679981481,0.19680681
2_89,1.934325,0.228812357
2_9,1.884144615,3.257283144
2_90,0.7435,0
2_92,1.878,0.126000126
2_93,3.0953,0.050490515
2_95,1.919190476,0.114360025
2_97,1.96175,0.17428326
2_98,2.412133333,0.135872466
2_99,1.639294118,0.081247089
3_0,1.7094,6.383671067
3_1,2.092968345,6.366675491
3_10,1.773499867,4.671293683
3_100,1.268104138,0.022440468
3_101,1.986611111,0
3_102,1.548798,0.021892377
3_103,2.303111111,0.053296836
3_104,2.19,0
3_105,3.358888889,0.107158165
3_106,1.995555556,0.130346232
3_107,2.164909091,0.159367841
3_108,1.766875704,0.192786982
3_109,1.67703125,0.215651477
3_11,1.760162091,4.346609538
3_110,1.595872,0.25111417
3_111,1.971295313,0.26856369
3_112,1.79309434,0.290262208
3_113,2.007577612,0.303696679
3_114,1.69008209,0.308921203
3_115,1.687,0.323182136
3_116,2.384478261,0.30506204
3_117,1.684708333,0.307695601
3_118,1.825921429,0.306756196
3_119,1.6676,0.288079833
3_12,2.103537879,3.988991275
3_120,2.019539286,0.282924358
3_121,2.235506024,0.273613682
3_122,2.198761494,0.255276784
3_123,2.014226087,0.242448821
3_124,2.15717193,0.22679821
3_125,1.582487903,0.208168967
3_126,1.671933333,0.199147231
3_127,2.034144048,0.176020244
3_128,1.693933043,0.176327372
3_129,1.764129677,0.187325347
3_13,1.750165339,3.627673187
3_130,1.937146739,0.208294278
3_131,1.655983673,0.241564921
3_132,1.778759756,0.270163834
3_133,1.783539367,0.327233254
3_134,2.259132075,0.36246987
3_135,1.843763212,0.419334935
3_136,1.816829787,0.445699166
3_137,1.620053086,0.462184572
3_138,1.893695876,0.482221903
3_139,2.058505882,0.502247899
3_14,1.672179901,3.266404667
3_140,1.737145299,0.52935527
3_141,1.960581846,0.549695078
3_142,1.996520233,0.578737852
3_143,2.294514504,0.611077424
3_144,2.439145161,0.641445522
3_145,1.846500806,0.682374514
3_146,2.189724138,0.71184832
3_147,1.90293439,0.751142128
3_148,2.035296053,0.784807913
3_149,2.197451866,0.795738428
3_15,1.772036626,2.893644596
3_150,1.728420455,0.814427124
3_151,1.825851316,0.812745989
3_152,1.745139189,0.838600909
3_153,2.032618182,0.856222653
3_154,1.741625989,0.871142432
3_155,1.830725466,0.893427735
3_156,1.946413985,0.926624571
3_157,1.630247442,0.944627743
3_158,1.596783089,0.966045107
3_159,1.869986893,0.993571698
3_16,2.170338017,2.577041312
3_160,1.531497647,1.009322778
3_161,1.722133511,1.015999738
3_162,1.828432984,1.032740132
3_163,1.801061176,1.036331686
3_164,1.852644211,1.043294426
3_165,1.89573251,1.065607617
3_166,1.795163585,1.09042275
3_167,1.682547921,1.123703059
3_168,1.796422442,1.183027985
3_169,1.616085417,1.225261389
3_17,2.006022574,2.276823427
3_170,1.677241951,1.286579445
3_171,1.948284078,1.349216728
3_172,1.76770231,1.412559337
3_173,1.86596169,1.471382704
3_174,2.137181395,1.526500466
3_175,1.605880864,1.596068431
3_176,1.790278858,1.675171653
3_177,1.714731473,1.756832209
3_178,1.971220361,1.846625235
3_179,1.748672333,1.922744767
3_18,1.707334091,2.002187185
3_180,1.863928592,2.011971732
3_181,1.615509646,2.069815786
3_182,1.722605665,2.106327836
3_183,1.797301266,2.122660905
3_184,1.773488832,2.112208897
3_185,1.753211579,2.065927097
3_186,1.889733333,2.00153376
3_187,1.995140093,1.945341342
3_188,1.721478571,1.879229754
3_189,1.628740575,1.801994411
3_19,1.980654185,1.747802637
3_190,1.698923469,1.762610362
3_191,1.846183056,1.724550704
3_192,1.795740433,1.695150153
3_193,1.629076923,1.699773844
3_194,1.874672922,1.708744965
3_195,1.928464071,1.734863049
3_196,1.639917745,1.766885502
3_197,1.7336356,1.805129193
3_198,1.864761905,1.822932491
3_199,1.842629657,1.846063218
3_2,2.014140853,6.353549599
3_20,1.561074412,1.54442628
3_200,1.852741556,1.857688198
3_201,1.724639259,1.867927788
3_202,1.776805493,1.87507791
3_203,1.655286634,1.879832737
3_204,2.044924802,1.920132746
3_205,1.753998986,1.987109042
3_206,2.338826042,2.076829995
3_207,1.781736343,2.205814899
3_208,1.815701563,2.379972905
3_209,1.493656315,2.580957964
3_21,1.729007173,1.336609086
3_210,1.766467324,2.763571392
3_211,1.575172887,2.916171291
3_212,1.822801558,3.002291059
3_213,1.609201064,3.030682839
3_214,1.831954111,3.011029058
3_215,1.676997119,3.009550863
3_216,1.98797,3.012426258
3_217,1.819157653,3.037289051
3_218,1.855136006,3.058366113
3_219,1.767872556,3.057497311
3_22,1.858555752,1.177704859
3_220,1.912405249,3.031465935
3_221,1.922380788,2.977318828
3_222,2.057301522,2.90493523
3_223,1.705298333,2.849157307
3_224,1.914611546,2.788980933
3_225,1.714012266,2.750640623
3_226,1.961619669,2.703092338
3_227,1.906495733,2.663421765
3_228,2.161748638,2.628042476
3_229,1.912568868,2.588874155
3_23,1.786898049,1.005982385
3_230,2.187724827,2.570492255
3_231,1.857698095,2.54973114
3_232,1.689553937,2.530308477
3_24,1.884669494,0.877290336
3_25,1.945484803,0.752541632
3_26,1.646557051,0.657572174
3_28,1.73782766,0.513275761
3_29,1.807426695,0.47216064
3_3,1.690265875,6.312534804
3_30,1.75768254,0.442299904
3_31,1.73228,0.411011829
3_32,1.81624711,0.397867003
3_33,1.5903472,0.382382699
3_34,1.788781863,0.382606314
3_35,2.00030125,0.362525717
3_36,1.758907627,0.340906978
3_37,2.0119375,0.335545537
3_38,1.72528,0.301285404
3_39,1.785219048,0.277885844
3_4,1.929846803,6.200810875
3_40,1.7863,0.25513013
3_41,1.698750279,0.230946155
3_42,2.101633793,0.205105967
3_43,1.661731818,0.182201218
3_44,1.882171176,0.17671962
3_45,2.00591065,0.157636355
3_46,1.640682353,0.141317865
3_47,1.992495652,0.141865675
3_48,1.738988615,0.12453158
3_49,2.026396429,0.11384711
3_5,1.744338549,6.035775689
3_50,1.971948052,0.113764607
3_51,2.118855435,0.100393879
3_52,1.529007895,0.113895772
3_53,2.1436875,0.103532128
3_54,1.613729114,0.109127894
3_55,1.543309524,0.100193485
3_56,1.814108333,0.103757965
3_57,1.772773388,0.103235516
3_58,2.484430254,0.107903707
3_59,1.88811236,0.106625609
3_6,1.635437654,5.821517172
3_60,1.866546154,0.102468815
3_61,1.715375167,0.095139105
3_64,1.610711111,0.085853491
3_65,1.790111111,0.082763558
3_66,1.972443333,0.094080753
3_67,2.043314286,0.085553994
3_68,2.136662205,0.096697638
3_69,1.581393939,0.097145973
3_7,1.783954795,5.565208659
3_70,1.326352941,0.100816615
3_71,1.1724,0.113334262
3_72,0.7421,0.127279901
3_73,2.69,0.130477897
3_74,3.9025,0.11460311
3_75,2.915,0.117678901
3_76,1.683727273,0.11393155
3_77,1.546666667,0.084293341
3_78,1.985,0.100720149
3_79,1.6615,0.108337667
3_8,1.650709524,5.309123163
3_80,1.862666667,0.083261035
3_81,1.4240625,0.06462403
3_82,1.600642857,0.057500676
3_83,3.658571429,0
3_84,2.203875,0
3_85,2.0125,0
3_86,1.295246535,0.018595449
3_87,1.88469708,0.052283098
3_88,2.049082051,0.072112537
3_89,1.844031933,0.08431952
3_9,1.906130988,5.009646003
3_90,1.498288636,0.104108106
3_91,1.65362069,0.113467738
3_92,1.843729167,0.111152279
3_93,1.763599123,0.110056525
3_94,2.084973684,0.104998121
3_95,2.277306452,0.105171824
3_96,1.798,0.109689114
3_97,1.792227273,0.075618255
3_98,1.715959091,0.050648683
3_99,1.915323944,0.046022399
4_0,1.864571429,1.234681337
4_1,1.751764368,1.662410352
4_10,1.585858256,1.235368947
4_100,1.81,0.11343699
4_101,1.213333333,0.079277622
4_102,2.525555556,0.03280474
4_103,1.7805,0
4_104,2.739785714,0.058081032
4_108,2.128444444,0.179449807
4_109,1.810214286,0.195844186
4_11,1.668540997,2.006460384
4_110,2.198435897,0.202341428
4_111,1.349486957,0.18554769
4_112,2.352354167,0.147743768
4_113,2.308507042,0.036043483
4_114,1.698295455,0.084573391
4_115,1.875,0.188340863
4_116,0.268,0
4_117,1.406,0.213071208
4_118,2.167828571,0.142657015
4_119,1.824044118,0.096350252
4_12,1.831064356,3.070740444
4_120,1.649333333,0.02679051
4_121,1.830565789,0.091497075
4_122,2.421547619,0.142343611
4_123,2.051205882,0.151860519
4_124,1.858036466,0.131156285
4_125,2.185345455,0.075018353
4_126,1.885435533,0.031635925
4_127,1.845625,0
4_128,1.86254507,0.033081254
4_129,2.05402,0.053615566
4_13,2.025697183,3.75329644
4_130,2.01202973,0.071568983
4_131,2.058494737,0.081169584
4_132,1.917721818,0.066225604
4_133,1.904814035,0.054706989
4_134,2.068371212,0.017514914
4_135,1.767121212,0.032676321
4_136,1.592779747,0.061725728
4_137,2.106745763,0.088885992
4_138,1.995826897,0.065128901
4_139,1.999078431,0.022761648
4_14,1.991422751,3.527185243
4_140,1.9537616,0.063482054
4_141,2.057192,0.162817171
4_142,1.745873016,0.272055173
4_143,1.828367614,0.358448634
4_144,1.798787281,0.455155547
4_145,1.92592616,0.526942815
4_146,1.926438356,0.572039695
4_147,1.566662162,0.579749355
4_148,1.629464,0.547457584
4_149,1.959555556,0.492189334
4_15,1.559489205,2.715616665
4_150,2.013617476,0.443590591
4_151,1.657275536,0.428307855
4_152,1.747475587,0.442592646
4_153,1.691038929,0.552299715
4_154,1.882445395,0.748396642
4_155,1.839434014,1.120839042
4_156,1.830244364,1.602206647
4_157,1.748528479,2.034072753
4_158,1.965669128,2.3019957
4_159,1.918386885,2.30450876
4_16,1.60048062,1.722213502
4_160,1.758327163,2.042326956
4_161,1.965028205,1.688797395
4_162,1.977869565,1.36663161
4_163,1.775200949,0.972891232
4_164,1.622047387,0.698179328
4_165,2.20592,0.481593906
4_166,2.373510127,0.404915194
4_167,1.790048485,0.419232595
4_168,2.543,0.593730209
4_169,2.078042045,0.798108377
4_17,1.746424242,1.480312346
4_170,2.074980342,1.130298534
4_171,1.953402463,1.485798333
4_172,2.048141266,1.781025132
4_173,1.908604062,1.94408559
4_174,1.916101646,2.007782857
4_175,1.859888066,2.065955919
4_176,1.896231937,2.16959442
4_177,1.551082388,2.309437016
4_178,1.851320909,2.511183463
4_179,1.42218141,2.650311112
4_18,1.482593939,1.872553976
4_180,1.635450799,2.809381781
4_181,1.544123267,2.73344975
4_182,1.898530288,2.469884683
4_183,2.512770536,1.989439113
4_184,1.941517308,1.501686549
4_185,1.707230573,1.04262438
4_186,1.925952792,0.797153141
4_187,1.851228745,0.838786307
4_188,1.768764069,1.126537807
4_189,1.741094406,1.483609694
4_19,2.064390795,2.620536665
4_190,1.44812766,1.828951778
4_191,1.880700565,2.011867785
4_192,1.939295833,1.94419092
4_193,1.8235,1.456492812
4_194,1.820555128,0.900744987
4_195,2.00322233,0.356603843
4_196,1.805535268,0.053337543
4_197,1.961442979,0.056759616
4_198,1.789115845,0.341712893
4_199,1.735401266,1.014906583
4_2,1.850903667,4.141180513
4_20,1.698944444,3.022957033
4_200,1.820809255,1.717436405
4_201,1.93983237,2.107403051
4_202,1.699280992,1.998222699
4_203,1.898191228,1.553337734
4_204,1.929873016,0.98484066
4_205,1.795716418,0.328728216
4_206,1.584153846,0.195797969
4_207,1.731273494,0.469536761
4_208,1.730161446,0.553936713
4_209,1.566066667,0.465217067
4_21,1.818697619,2.869650171
4_210,1.85173875,0.194039354
4_211,1.345060177,0.122652106
4_212,1.781778559,0.383915192
4_213,2.210965657,0.532648327
4_214,1.573438333,0.609617457
4_215,1.591720721,0.650602384
4_216,1.696232174,0.672478511
4_217,1.855643478,0.683913924
4_218,1.731344086,0.658807728
4_219,1.844921429,0.552383263
4_22,1.839463687,2.195445183
4_220,1.778574627,0.369499082
4_221,1.741054545,0.190914789
4_222,2.16466,0.092984524
4_223,1.80947931,0.153225708
4_224,1.857094253,0.31122255
4_225,1.616164688,0.715903396
4_226,1.603328485,1.086980379
4_227,1.89708284,1.372040235
4_228,1.759186517,1.499538522
4_229,1.842197232,1.373253862
4_23,1.897213542,1.199498876
4_230,1.82157113,0.964925947
4_231,1.992454091,0.446179587
4_232,1.784077519,0.198369622
4_233,1.966307471,0.780430173
4_234,1.763440045,2.391464312
4_235,1.709597115,4.715631853
4_236,1.957969168,7.101530561
4_237,1.747867574,8.541506898
4_238,2.13056158,8.846909306
4_239,1.810438624,8.265809817
4_24,1.865072,0.311883543
4_240,2.015136879,7.68116195
4_241,2.43012069,7.512439242
4_25,1.945163433,0.128771241
4_26,1.503019101,0.050094478
4_27,1.768358794,0.366869773
4_28,2.115543523,0.695147534
4_29,2.029416429,0.749334965
4_3,1.776842979,8.265800097
4_30,1.71878932,0.585297965
4_31,2.035512871,0.3306398
4_32,1.54695,0.051161991
4_33,1.987680342,0.096527064
4_34,1.991273381,0.517979436
4_35,1.849486966,1.107520557
4_36,1.818696026,1.684093372
4_37,1.863283895,1.701298729
4_38,1.855352459,1.254094551
4_39,1.942,0.534270411
4_4,1.77954751,11.19497643
4_40,1.901147872,0.153137012
4_41,2.832,0.489255028
4_42,1.834093071,0.402361651
4_43,2.513575,0.045764862
4_44,1.915382979,0.338377533
4_45,1.766907692,0.756661049
4_46,1.39802,0.970672741
4_47,1.1289,0.794007887
4_48,1.846245455,0.556918174
4_49,2.8695,0.062400939
4_5,1.668213504,11.223538
4_50,2.206842105,0.187701459
4_51,1.550208333,0.469006681
4_52,1.2128,0.529209504
4_53,2.3906875,0.34742476
4_54,2.099253968,0.045077804
4_55,2.127169811,0.463807201
4_56,1.95577193,1.050271657
4_57,2.115035556,1.393368247
4_58,2.21363375,1.507997511
4_59,1.887096774,1.465495106
4_6,1.810605085,8.737704581
4_60,1.728818919,1.161082826
4_61,1.620291509,0.789471343
4_62,1.723326087,0.343336833
4_63,1.907618421,0.046288421
4_64,1.336833333,0.244909955
4_65,2.595615385,0.251274801
4_66,1.64425,0.085185285
4_67,1.995784314,0.235076138
4_68,1.639622628,0.506398283
4_69,1.615208333,0.616844603
4_7,1.574503941,5.534157994
4_70,2.181263889,0.506358697
4_71,1.885143223,0.219319509
4_72,2.4205,0.080000213
4_73,2.056744186,0.341074091
4_74,2.008590789,0.41164545
4_75,1.944511628,0.350297753
4_76,1.77140979,0.159005444
4_77,1.70210098,0.147067308
4_78,1.769402752,0.416191873
4_79,1.796597826,0.664288087
4_8,2.139481818,3.048116699
4_80,1.897206087,0.830171136
4_81,1.79,0.871551923
4_82,1.652128086,0.711835889
4_83,1.715455085,0.398999358
4_84,2.321302013,0.08103818
4_85,2.383548387,0.290503442
4_86,2.256580645,0.470820577
4_87,2.108150943,0.556084679
4_88,2.952933333,0.56416668
4_89,2.146793103,0.44557323
4_9,1.795548387,1.271394134
4_90,1.383666667,0.316285543
4_91,1.508428571,0.05134228
4_92,1.871428571,0.114352722
4_93,1.662215385,0.247962446
4_94,2.85175,0.331310682
4_95,2.081706667,0.360864677
4_96,1.6596,0.332803525
4_97,1.45492381,0.302794032
4_98,1.150666667,0
4_99,2.456,0.164662876
5_0,1.903293103,4.298574457
5_1,1.962285813,4.392879987
5_10,1.72946798,3.56301244
5_100,1.973609756,0.349764732
5_101,2.261888889,0.24668314
5_102,1.523285714,0.122697429
5_103,1.6652,0.06037827
5_104,2.0115,0.043084135
5_105,1.572,0.105591683
5_106,2.068625,0.177514697
5_107,1.3325,0.252034478
5_108,2.0574,0.279631893
5_11,2.042182338,4.373091181
5_110,1.680663636,0.322836064
5_111,1.672046809,0.320899048
5_112,1.895724138,0.3127007
5_113,1.54046875,0.298172353
5_114,1.918166667,0.254384314
5_115,2.553333333,0.217981615
5_118,3.805,0.123446122
5_119,2.8525,0.065073099
5_12,1.887944634,4.819861914
5_120,1.839416667,0.011333988
5_121,2.704,0.046432369
5_122,1.5625,0.073432838
5_123,1.742125,0.147375609
5_124,2.172392857,0.185828933
5_125,2.4362,0.228796303
5_126,2.021375,0.262357474
5_127,1.441617647,0.323054806
5_128,1.06046087,0.373072121
5_129,1.984636364,0.387074923
5_13,1.745129708,4.590395092
5_130,1.947380952,0.380211271
5_131,1.770149254,0.343983981
5_132,1.790512088,0.256344801
5_133,1.427611538,0.15353609
5_134,1.986284211,0.030310256
5_135,1.767215686,0.157819814
5_136,2.152386667,0.315939932
5_137,2.090679279,0.324775317
5_138,1.637326027,0.167649465
5_139,1.782753623,0.026381048
5_14,1.688162906,3.849916893
5_140,1.805190244,0.104824123
5_141,1.378813623,0.094881676
5_142,1.653311688,0.113424981
5_143,1.554119403,0.194490568
5_144,1.884277731,0.13732973
5_145,2.16340122,0.102747256
5_146,1.723698485,0.465663793
5_147,2.131813393,0.895250929
5_148,2.114047619,1.158170549
5_149,2.038529412,1.2990198
5_15,1.750916613,3.110474914
5_150,1.888896552,1.244908793
5_151,1.536016484,1.007688665
5_152,1.783782123,0.612240092
5_153,1.821732,0.280977171
5_154,1.734,0.042831368
5_155,1.91149934,0.097604064
5_156,2.118973045,0.083646835
5_157,2.045725,0.060206146
5_158,2.217064894,0.170067177
5_159,1.797045498,0.231968655
5_16,1.821556197,2.517726798
5_160,1.648677027,0.203356452
5_161,1.92204206,0.100343286
5_162,2.61125,0.039322551
5_163,1.734861172,0.033253599
5_164,2.058220472,0.137738675
5_165,1.6561105,0.438874775
5_166,1.605428188,0.937501854
5_167,1.680888312,1.364179173
5_168,1.742310375,1.751574722
5_169,1.750763306,1.926297076
5_17,1.85332283,1.956611108
5_170,1.808852672,1.915253612
5_171,1.703137311,1.790402748
5_172,1.91013012,1.60208082
5_173,1.947913955,1.4875888
5_174,1.772578063,1.449765012
5_175,1.809605657,1.444154982
5_176,1.772328684,1.410709267
5_177,1.814953143,1.308338442
5_178,1.676260547,1.161811264
5_179,1.672654724,0.952783275
5_18,1.687362595,1.393847126
5_180,1.843709843,0.779293937
5_181,2.032414989,0.730166843
5_182,1.778929245,0.967094349
5_183,1.746164103,1.463308322
5_184,1.711950309,1.98894628
5_185,1.810814286,2.444686464
5_186,1.754071556,2.719430987
5_187,1.67232818,2.78223216
5_188,1.614725,2.579403642
5_189,1.673802722,2.202326513
5_19,1.881410526,0.897186634
5_190,1.618028708,1.730247132
5_191,1.725074706,1.338985376
5_192,1.622323896,1.136061572
5_193,1.920548125,1.132360342
5_194,1.778816463,1.230103916
5_195,1.657943445,1.33648197
5_196,1.609686089,1.428148697
5_197,1.671976786,1.551826212
5_198,1.692589091,1.689869234
5_199,1.747875925,1.990531636
5_2,1.771056542,4.963171826
5_20,1.718561871,0.443719817
5_200,1.874272938,2.389848566
5_201,1.64861106,2.838805625
5_202,1.818726036,3.220784212
5_203,1.781290625,3.402261887
5_204,1.924623954,3.445859558
5_205,1.811747941,3.417280455
5_206,1.839757986,3.410298272
5_207,1.718231264,3.412669057
5_208,1.873054567,3.41669496
5_209,1.639191731,3.410874607
5_21,1.659641976,0.222585388
5_210,1.780474565,3.405334272
5_211,1.702493843,3.419288998
5_212,1.804703823,3.41386129
5_213,1.868240481,3.416793801
5_214,1.867265047,3.420700717
5_215,1.952895336,3.413755131
5_216,1.90935787,3.415676855
5_217,2.264276829,3.406147004
5_218,2.297034483,3.426498253
5_22,1.668582022,0.230047886
5_23,1.718383471,0.314151915
5_24,2.087608678,0.382919656
5_25,1.929635628,0.37629504
5_26,2.445488047,0.267109998
5_27,1.766865546,0.093921076
5_28,2.043754626,0.021371494
5_29,1.956647059,0.111545173
5_3,1.842412259,6.225674559
5_30,1.800493151,0.489554835
5_31,2.011018852,0.895005867
5_32,1.813108435,1.132758225
5_33,1.855638333,0.972417271
5_34,2.081691919,0.481581278
5_35,1.891866667,0.045085764
5_36,1.964142857,0.2113316
5_37,1.716757333,0.179415643
5_38,1.677788636,0.168303091
5_39,1.959797333,0.681919889
5_4,1.719094614,7.691660557
5_40,2.059495455,1.032490659
5_41,1.920428571,1.136601982
5_42,2.074821429,0.984589041
5_43,1.67224125,0.633136624
5_44,1.912571667,0.221539786
5_45,1.652863636,0.090479451
5_46,1.669576471,0.210316603
5_47,2.082828571,0.197394394
5_48,1.719274074,0.075443554
5_49,1.791489286,0.092985444
5_5,1.785724716,8.361548535
5_50,1.672388235,0.395383743
5_51,1.519406122,0.542716295
5_52,2.058727273,0.663522455
5_53,1.632162842,0.73286815
5_54,1.392,0.751945659
5_55,2.10804321,0.71805778
5_56,1.939580702,0.644125841
5_57,2.181197605,0.534645768
5_58,1.876386555,0.398840424
5_59,1.794175,0.247958731
5_6,1.744550151,7.483570066
5_60,1.698961111,0.117000391
5_61,1.804316837,0.021845532
5_62,1.744343946,0
5_63,1.72532069,0.02433241
5_64,2.195672727,0.091480323
5_65,2.092012366,0.223757308
5_66,2.352734694,0.333074853
5_67,2.803280645,0.394187055
5_68,1.952031731,0.402591383
5_69,1.9952324,0.358611961
5_7,1.887734476,5.650407905
5_70,1.939638587,0.300379434
5_71,1.910317801,0.216830635
5_72,1.824086022,0.137263649
5_73,2.151095918,0.090508877
5_74,1.590515873,0.094637149
5_75,1.660155725,0.101625902
5_76,1.8472615,0.180778214
5_77,2.070605837,0.26629655
5_78,1.908535437,0.349755929
5_79,2.099333333,0.444979982
5_8,1.871390329,3.819729208
5_80,1.769342813,0.485708532
5_81,1.910089744,0.50926337
5_82,1.7675025,0.511517922
5_83,1.765288496,0.473402661
5_84,1.616845161,0.402420866
5_85,1.7887632,0.293293054
5_86,1.76513806,0.156654691
5_87,1.662488182,0.033299534
5_88,1.724141463,0.041098649
5_89,1.63826982,0.11152748
5_9,1.929540058,3.159703521
5_90,2.004637615,0.122819569
5_91,1.918258065,0.102224519
5_92,1.899936486,0.03817503
5_93,1.700180938,0.092537144
5_94,1.891786905,0.225568513
5_95,1.927170213,0.362296477
5_96,1.628,0.449253677
5_97,1.895428571,0.487348993
5_98,2.180608696,0.488441601
5_99,2.477322581,0.436086901
6_0,2.344285714,0.562801626
6_1,1.740086957,0.593770993
6_10,1.925714286,0.424581575
6_100,1.853943019,0.219480665
6_101,1.434756098,0.377584431
6_102,1.793238764,0.13857192
6_103,1.766873672,1.515243027
6_104,2.165621341,2.970612158
6_105,1.793095278,3.257529456
6_106,1.641934,2.04349971
6_107,1.68488,0.454129574
6_108,1.912688793,0.055405039
6_109,1.616293878,0.549134345
6_110,2.02719,2.27804355
6_111,1.856170383,3.90098773
6_112,1.764241511,4.077642851
6_113,1.686084896,2.940891622
6_114,1.811081765,1.190829954
6_115,1.867821287,0.225456668
6_116,1.969707167,0.073738156
6_117,1.749648485,0.139683263
6_118,1.91798432,0.638443782
6_119,2.124449102,1.187518065
6_120,1.889804878,1.305143729
6_121,1.770606272,0.802967769
6_122,1.84058756,0.320453674
6_123,1.8538365,0.475242255
6_124,1.767919268,1.270534254
6_125,1.926383237,1.866600962
6_126,2.43981875,2.02782989
6_127,1.660066667,1.539235775
6_128,1.739671774,0.670433964
6_129,1.776905839,0.070401925
6_13,2.189888889,0.376512099
6_130,1.692811915,0.08797841
6_131,1.834580833,0.4484858
6_132,1.588800724,0.961765096
6_133,1.920139493,0.921849385
6_134,1.752564962,0.461966507
6_135,1.80218129,0.156853723
6_136,1.826564388,0.35596205
6_137,2.270219588,0.092058521
6_138,1.81637032,0.314466685
6_139,1.700642199,0.524575346
6_14,2.057236364,0.135019502
6_140,1.507296457,0.394773203
6_141,1.733115224,0.282762189
6_142,1.629966919,0.425057332
6_143,1.652045486,0.859454885
6_144,1.926229412,1.315397699
6_145,1.743644785,1.450393393
6_146,1.618294827,1.244169882
6_147,1.770659424,1.141182447
6_148,1.73767223,1.801696024
6_149,1.668870604,3.164968436
6_15,2.299060606,0.281069413
6_150,1.73696752,4.602790868
6_151,1.683637916,5.43786574
6_152,1.860607298,4.862999373
6_153,1.805420308,3.333410079
6_154,1.768052061,2.122497222
6_155,1.715865863,2.150352658
6_156,1.663388105,3.255178438
6_157,1.769794724,4.16160951
6_158,1.9065994,3.854448676
6_159,1.756713731,2.884529583
6_16,1.60792931,0.63027772
6_160,1.900135581,2.802332437
6_161,1.925587967,4.389068908
6_162,1.803511875,6.995072991
6_163,1.894350472,8.967651502
6_164,1.811842978,8.922991876
6_165,1.900858218,7.106254611
6_166,1.93053039,4.688187476
6_167,1.938915162,2.736495731
6_168,1.606812643,1.880369799
6_169,1.794906087,1.675730448
6_17,1.39364,0.707082452
6_18,1.873478571,0.668878234
6_19,1.443898113,0.5246352
6_2,1.783464286,0.839378473
6_20,1.443191667,0.360741685
6_21,2.190455856,0.228907827
6_22,1.570657143,0.114339885
6_23,1.898827083,0.035241132
6_24,1.990928571,0.037448181
6_25,1.627076812,0.101348184
6_26,1.210333333,0.280007942
6_27,2.068917647,0.509928183
6_28,1.6535295,0.732789005
6_29,1.990751746,0.910978548
6_3,1.627168633,1.260367108
6_30,1.6319,0.933356818
6_31,2.118360825,0.759185292
6_32,1.8708,0.468978161
6_33,2.057845,0.244546351
6_34,1.59223299,0.16351661
6_35,1.575214943,0.193130024
6_36,1.923383721,0.254994864
6_37,2.061523729,0.32648025
6_38,1.930033333,0.349144131
6_39,2.143,0.295893005
6_4,1.763195238,1.725899539
6_40,1.856050417,0.138467193
6_41,1.815727273,0.011595198
6_42,2.439818868,0.055858682
6_43,1.605455224,0.055307654
6_44,2.172212857,0.022648774
6_45,1.981190566,0.057807729
6_46,3.273769231,0.121657132
6_47,1.412636364,0.158156528
6_49,2.386909091,0.067214126
6_5,1.85096129,2.053047045
6_51,2.185363636,0.093978603
6_52,1.432571429,0.111914408
6_53,1.643333333,0.151049644
6_54,1.6616,0
6_55,2.026962963,0.069921269
6_56,2.023503356,0.022523588
6_57,2.347085106,0.060507488
6_58,1.770060811,0.107734822
6_59,1.60052381,0.094138468
6_6,1.862467857,2.17829885
6_60,1.969903846,0.029922247
6_61,2.117169492,0.163043367
6_62,1.815409524,0.198005963
6_63,1.684725882,0.095274088
6_64,1.698328571,0.0606297
6_65,1.643184,0.193413162
6_66,1.767226923,0.252984426
6_67,1.469213889,0.214641918
6_68,2.3535,0.100718289
6_69,1.932685714,0.110714044
6_7,1.885876952,2.064305214
6_70,1.866470588,0.216621974
6_71,1.861764963,0.269945169
6_72,1.73869,0.180193528
6_73,1.843367939,0.022507669
6_74,1.960311258,0.177912107
6_75,2.164161017,0.232645275
6_76,1.902984393,0.152864061
6_77,1.612984762,0.03747419
6_78,1.425153968,0.052542754
6_79,1.655370866,0.095887696
6_8,1.77978,1.615892127
6_80,2.04210122,0.056111307
6_81,2.043189189,0.055437412
6_82,2.0176,0.244185005
6_83,2.222042708,0.359941478
6_84,1.699756923,0.373864096
6_85,1.733143452,0.276233632
6_86,1.587297222,0.071180312
6_87,2.035180658,0.251881094
6_88,1.927179263,0.48959681
6_89,1.88040404,0.530872445
6_9,1.860110638,0.814405496
6_90,1.696353261,0.125460755
6_91,1.74507809,0.56246924
6_92,2.051854286,1.326633832
6_93,1.918787132,1.664378147
6_94,1.814813131,1.550817281
6_95,1.683649306,1.280584192
6_96,1.825701908,1.291831545
6_97,1.869939067,1.529876885
6_98,1.826728537,1.535654171
6_99,2.470495833,1.097311587
7_0,1.841358974,12.26472722
7_1,2.03867457,12.18724118
7_10,1.706095785,3.840743139
7_100,1.99534375,0.339344323
7_101,1.548412712,0.503000797
7_102,1.850774775,0.654008238
7_103,1.621211538,0.697846446
7_104,1.72718806,0.676680849
7_105,1.70341677,0.576100635
7_106,1.947834,0.451412922
7_107,1.696338158,0.307263714
7_108,1.785817532,0.150186553
7_109,1.746950673,0.011727605
7_11,1.741955512,2.124628447
7_110,2.244186047,0.064632384
7_111,1.819956044,0.034792129
7_112,1.938335423,0.093278796
7_113,1.773422819,0.256445639
7_114,1.344636364,0.437014412
7_115,1.734827049,0.559535745
7_116,1.61071564,0.573401729
7_117,1.921226596,0.384491702
7_118,1.746034305,0.065478094
7_119,1.942459259,0.248817727
7_12,1.893631646,0.863296022
7_120,1.465293651,0.117159537
7_121,1.931800436,0.81395311
7_122,1.769119209,1.593247233
7_123,1.805125,1.709403502
7_124,1.648075768,1.287251219
7_125,1.793676895,0.588390718
7_126,1.709223988,0.254053939
7_127,1.786212613,0.488823971
7_128,1.744156223,1.069362333
7_129,1.958437222,1.762367093
7_13,1.615153846,0.583518301
7_130,1.800551616,2.539666252
7_131,1.724656375,3.104952834
7_132,1.666139789,3.611944664
7_133,2.001255208,3.668208439
7_134,1.647520189,3.109797519
7_135,1.744460241,1.577000215
7_136,1.889299352,0.34931821
7_137,1.722737946,0.633642944
7_138,1.607948325,0.47728092
7_139,1.686271053,0.689035154
7_14,1.87717619,1.27165653
7_140,2.038299099,1.945722619
7_141,1.689614683,2.821079735
7_142,1.807230079,2.984448074
7_143,1.737630233,2.575294422
7_144,1.808627547,1.883281577
7_145,1.615047328,1.160297747
7_146,1.956718328,0.493352858
7_147,1.808202,0.068837574
7_148,1.932920561,0.217261757
7_149,1.964010769,0.224802056
7_15,2.037636905,2.024825849
7_150,1.831044388,0.033417173
7_151,1.823151899,0.369063402
7_152,1.812172101,0.72683956
7_153,1.766223611,1.272344197
7_154,1.855672171,2.010659793
7_155,1.99218371,2.668344984
7_156,1.867193023,3.219575016
7_157,1.841923501,3.639013919
7_158,1.865979462,4.239699551
7_159,1.52125375,5.17794806
7_16,2.038305185,2.28125222
7_160,1.960046486,5.909279891
7_161,1.633199329,5.978027807
7_162,1.615487388,5.137194751
7_163,1.794242735,4.048241745
7_164,1.566067911,3.410025697
7_165,1.875173994,4.448132851
7_166,1.935346389,6.114455151
7_167,1.728930337,6.942727493
7_168,1.738037134,6.069962386
7_169,1.970566199,3.563923678
7_17,1.71094346,1.637711842
7_170,1.945756444,1.516498675
7_171,1.799208958,1.178889044
7_172,1.893739485,1.187734319
7_173,1.74751169,1.177513153
7_174,1.840817135,1.178091958
7_175,2.058388963,1.190739828
7_176,2.133250485,1.18313841
7_177,1.3495,1.137225171
7_18,1.951524686,0.642308665
7_19,1.689815733,0.153202077
7_2,1.879419453,11.74740871
7_20,1.867442381,0.352592854
7_21,1.863676339,0.096397208
7_22,1.779878646,0.593950286
7_23,1.34288617,0.881738836
7_24,1.717626236,0.772011408
7_25,1.948612857,0.451251699
7_26,1.607512406,0.201174052
7_27,1.786739444,0.101327845
7_28,1.689558408,0.178557362
7_29,1.739071429,0.290802837
7_3,1.692158824,10.66678055
7_30,1.764780822,0.32947735
7_31,1.558592774,0.30786445
7_32,1.767627374,0.196292956
7_33,1.8193,0.065387612
7_34,1.831833333,0.031148411
7_35,1.925223429,0.073307692
7_36,1.769048193,0.033781653
7_37,2.204189189,0.042564104
7_38,1.422571429,0.109250813
7_39,1.458886076,0.114875942
7_4,1.721795,9.050351784
7_40,1.859813139,0.098929473
7_41,1.7828901,0.04652564
7_42,1.8435125,0.021230701
7_43,2.190208955,0.011960192
7_44,1.739677778,0.010456488
7_45,1.687851852,0.016512004
7_46,2.033558667,0.063259176
7_47,1.678616867,0.106093198
7_48,1.83321007,0.11787194
7_49,1.76647619,0.093440478
7_5,1.903473541,7.473256505
7_50,1.82063908,0.035041571
7_51,1.632238095,0.021046207
7_52,1.952604167,0.040886961
7_53,2.458226415,0.022434679
7_54,1.493666667,0
7_55,2.74,0.01819184
7_56,1.956058824,0.024881038
7_57,2.647454545,0.030814884
7_59,1.87,0
7_6,1.725343478,6.170679044
7_60,0.988,0.019790615
7_61,1.2622,0.048048625
7_62,1.943333333,0.07709912
7_63,3.063333333,0.091961528
7_64,1.575541667,0.086438019
7_65,1.1416,0.069268771
7_66,2.467,0.040201167
7_67,2.043571429,0.01620076
7_68,1.888041176,0.037707865
7_69,2.035,0.043568903
7_7,1.987760068,5.640263378
7_70,2.486666667,0.063984848
7_71,1.936,0.072094501
7_72,3.013125,0.062344723
7_73,2.126,0.052372656
7_74,2.686318182,0.037552762
7_75,2.037510638,0
7_76,1.595594118,0.023905687
7_77,1.80859375,0.026903887
7_78,1.840837838,0.023130907
7_79,1.958611111,0.019327817
7_8,1.664557143,5.488937679
7_80,1.784384615,0.040352791
7_81,2.84375,0.058415309
7_82,2.074164583,0.101895252
7_83,1.663219565,0.094718497
7_84,1.490013139,0.090087168
7_85,1.840095327,0.059486984
7_86,1.517927941,0.010779161
7_87,1.610134286,0.079669213
7_88,1.620391304,0.123326819
7_89,2.05427957,0.150521935
7_9,1.995104737,5.034005942
7_90,1.311181818,0.186457238
7_91,1.868451613,0.157429777
7_92,2.001639259,0.102692366
7_93,1.977493333,0.026809256
7_94,1.9516925,0.070891987
7_95,1.962838857,0.138253014
7_96,2.079988462,0.148651045
7_97,1.675502632,0.078819473
7_98,1.90165084,0.021941734
7_99,1.854956234,0.144821893
8_0,1.602444681,4.41676464
8_1,1.902010227,4.440707112
8_10,1.923919683,2.376730411
8_100,2.313144737,0.688146571
8_101,1.8775,0.798366494
8_102,2.115487137,0.886129326
8_103,1.859659276,0.897858927
8_104,1.449365432,0.817464438
8_105,1.813204733,0.628135589
8_106,1.667083333,0.460998803
8_107,1.905639328,0.33000033
8_108,1.966581818,0.237743617
8_109,2.156630081,0.133932308
8_11,1.933852247,2.805552282
8_110,1.680037879,0.10239114
8_111,2.030521127,0.463613002
8_112,2.192246875,0.980297221
8_113,2.404437956,1.422227453
8_114,2.077015707,1.448456374
8_115,1.749646078,0.730923721
8_116,1.792055833,0.507366861
8_117,1.770861972,1.861576626
8_118,1.88626229,3.002256869
8_119,1.899574734,3.27359031
8_12,1.653465164,2.969487641
8_120,1.689365054,2.505753639
8_121,1.705876923,1.639387263
8_122,1.775739114,1.372900558
8_123,1.698065217,1.463154121
8_124,1.685722989,1.554066696
8_125,1.757874122,1.331249965
8_126,1.813948235,0.811643843
8_127,1.986968421,0.324494767
8_128,1.601722381,0.098946658
8_129,1.764875265,0.094199705
8_13,1.793078571,2.834677555
8_130,1.736842727,0.26041771
8_131,2.061817958,0.517315881
8_132,1.903593023,0.641502523
8_133,2.097726337,0.603273405
8_134,1.91639883,0.584418137
8_135,2.155113907,0.634942092
8_136,1.823212418,0.641397229
8_137,1.69989,0.472953267
8_138,1.89442827,0.211376941
8_139,1.986222609,0.061173803
8_14,2.001252339,2.46555922
8_140,2.062093421,0.033502035
8_141,1.653156863,0.032864251
8_142,1.818911272,0.051270272
8_143,2.041150233,0.184146237
8_144,2.0594,0.29023551
8_145,1.942474839,0.348549453
8_146,1.930039738,0.376038807
8_147,1.816033068,0.366889771
8_148,1.543306545,0.326048245
8_149,1.87930597,0.259460178
8_15,1.91026859,2.101832734
8_150,1.823606624,0.147469476
8_151,1.655387626,0.021454716
8_152,1.665971304,0.205535763
8_153,1.88191366,0.424925508
8_154,1.784994845,0.681483776
8_155,1.626046964,0.97696875
8_156,1.98278004,1.315245575
8_157,1.961901695,1.684577857
8_158,1.790524566,2.092316843
8_159,1.79139783,2.538979223
8_16,1.965595346,1.975060675
8_160,1.753941625,2.978740424
8_161,1.842343125,3.537185051
8_162,1.93069903,4.236170756
8_163,1.741104444,4.938062877
8_164,1.81347585,5.417961609
8_165,1.81889794,5.576621587
8_166,1.865999398,5.444825766
8_167,1.68214468,5.307909911
8_168,1.839213283,5.406658738
8_169,1.725051238,5.802807148
8_17,1.756993086,2.097964747
8_170,1.713994107,6.409112213
8_171,1.968079716,7.171311884
8_172,1.724694947,7.854804149
8_173,2.008371233,8.415057549
8_174,1.748777966,8.815166928
8_175,2.090008084,8.963097914
8_176,2.81562069,8.954659455
8_18,1.903766855,2.320607908
8_19,1.512962482,2.590404521
8_2,1.984993421,4.61839676
8_20,1.888533127,2.783357568
8_21,1.931889905,2.908462557
8_22,1.990658527,2.878865363
8_23,1.701370468,2.676935941
8_24,1.797190638,2.287985929
8_25,1.836433557,1.882611298
8_26,1.730505512,1.377008547
8_27,1.782751887,0.975865623
8_28,1.840138462,0.520738407
8_29,2.0281,0.26887597
8_3,1.64698758,4.803299285
8_30,2.233785897,0.086258057
8_32,1.669058696,0.092036115
8_33,1.812114356,0.09246512
8_34,2.107756604,0.072931304
8_35,1.741932874,0.045242267
8_36,1.529923077,0.010818565
8_37,2.375107143,0.061749042
8_38,1.804432432,0.090606676
8_39,2.099562963,0.104151152
8_4,1.720983686,4.728713591
8_40,1.530236559,0.07419948
8_41,2.610833333,0.013053365
8_43,1.91375,0.096752034
8_44,1.20825,0.098883604
8_45,1.481333333,0
8_46,2.3075,0.112478118
8_47,2.36,0.092375827
8_48,1.86,0.068635829
8_5,2.183585106,4.253608224
8_52,2.276672093,0
8_53,1.5332,0
8_54,2.336928571,0
8_55,3.013894737,0.02212059
8_56,1.836053846,0.04741505
8_57,2.362255263,0.086082014
8_59,1.932666667,0.173239259
8_6,1.914088636,3.487911715
8_60,2.768438095,0.24192751
8_61,1.998476,0.312622118
8_62,2.141714286,0.365339891
8_63,2.115370992,0.404485127
8_64,1.652706349,0.405265616
8_65,1.664313725,0.394541719
8_66,1.449887963,0.38033573
8_67,2.044102222,0.361177728
8_68,1.775417266,0.362287337
8_69,2.140847222,0.37637557
8_7,1.607815736,2.753013797
8_70,1.642842105,0.393746837
8_71,2.051075,0.43753447
8_72,1.654843137,0.483093583
8_73,1.953034483,0.507098106
8_74,1.922549406,0.524614165
8_75,1.893141509,0.505831286
8_76,2.071816495,0.455072168
8_77,2.503952941,0.399264252
8_78,2.018863684,0.28726882
8_79,1.664614667,0.214002835
8_8,1.924778022,2.223370442
8_80,1.750110714,0.136890154
8_81,1.698349186,0.076664944
8_82,1.611745455,0.016045595
8_83,1.8108,0
8_84,1.775540909,0
8_85,1.924857077,0.012267139
8_86,3.891115789,0.05468829
8_87,2.002928174,0.086259135
8_88,1.78236,0.141846757
8_89,1.52245,0.18615041
8_9,2.090375529,2.122275911
8_90,1.689263158,0.256772635
8_91,1.885157303,0.319802259
8_92,2.007866667,0.354592684
8_93,1.640831579,0.364796852
8_94,2.31845,0.356066181
8_95,1.589634667,0.354514805
8_96,1.582351498,0.388876308
8_97,2.123095238,0.440148175
8_98,1.623823529,0.491889292
8_99,1.981308966,0.596239795
9_0,1.54290625,3.906065054
9_1,1.948561856,3.891105872
9_10,1.722901887,3.304591233
9_100,1.764495925,0.25854785
9_101,1.791222628,0.16430411
9_102,1.664090164,0.37386604
9_103,1.85598211,0.670215764
9_104,1.423078182,0.850360418
9_105,1.646817857,0.815418661
9_106,1.851408734,0.62712635
9_107,1.498552041,0.444577691
9_108,1.875067,0.309073813
9_109,1.67255303,0.285653252
9_11,1.865920974,3.738852965
9_110,1.747528169,0.422593095
9_111,1.890145641,0.689422561
9_112,1.99864898,0.946995319
9_113,2.012512563,1.156908536
9_114,1.688967347,1.169063601
9_115,1.799194231,0.919821847
9_116,1.579177083,0.529222662
9_117,2.02847087,0.2202437
9_118,2.081797076,0.115880226
9_119,1.93118125,0.217749486
9_12,1.745937795,4.25328472
9_120,1.5808,0.413821167
9_121,1.692873984,0.535013892
9_122,1.915783111,0.423926879
9_123,1.617025177,0.228239782
9_124,1.874539789,0.214795085
9_125,1.7381,0.555598294
9_126,1.567252294,0.969661423
9_127,1.867607955,1.319495128
9_128,1.745374054,1.362640695
9_129,1.93093913,1.022778436
9_13,1.732339474,4.621105014
9_130,1.767585377,0.623049829
9_131,1.940378723,0.293738111
9_132,1.84706701,0.202961096
9_133,1.595541528,0.481759638
9_134,1.80822145,0.984698984
9_135,1.816909804,1.632064219
9_136,1.792008369,2.328859887
9_137,1.902055093,2.938775183
9_138,1.747696963,3.396442028
9_139,1.940210619,3.569926695
9_14,1.816384691,4.505782836
9_140,1.872477432,3.582017637
9_141,1.833987862,3.721603706
9_142,1.707349184,4.310331065
9_143,1.61739,5.221005416
9_144,1.779248106,5.813455127
9_145,1.805575825,5.709607099
9_146,1.868273454,4.838102198
9_147,1.882146767,3.916869726
9_148,1.790596473,3.803769757
9_149,1.68984614,4.719085699
9_15,1.774043636,3.959461559
9_150,1.658775909,6.140145778
9_151,1.845028905,7.416854046
9_152,1.91614499,7.87992871
9_153,1.832398155,7.522861253
9_154,1.938841701,6.655072865
9_155,2.196712371,6.034527716
9_156,1.90480303,5.908856732
9_16,1.996651592,2.916438086
9_17,1.761673729,1.954469272
9_18,1.853512195,1.318572192
9_19,1.956523948,1.062243638
9_2,1.891791561,3.873682728
9_20,1.888856757,1.089173203
9_21,1.915468675,1.189520326
9_22,1.6072305,1.24045569
9_23,1.751381287,1.22367327
9_24,1.451091852,1.235730685
9_25,1.77835061,1.40193467
9_26,1.905409744,1.741367533
9_27,1.809243295,1.996471405
9_28,2.110128205,1.690198163
9_29,2.135285915,1.067527875
9_3,1.700525676,3.814586102
9_30,2.180269841,0.398056999
9_31,1.565874576,0.043556331
9_32,1.713578481,0.1853646
9_33,1.915214286,0.13281212
9_34,1.914369209,0.021500429
9_35,3.046,0.085143097
9_36,2.191736842,0.091309052
9_37,1.850869565,0.046383964
9_38,2.108082222,0.010797877
9_39,1.818737629,0.04572803
9_4,2.080852388,3.717530927
9_40,1.516442308,0.018468073
9_41,1.775659459,0.0263107
9_42,1.869384615,0
9_43,2.291986577,0
9_44,1.799391518,0
9_45,1.956035294,0.011328056
9_46,1.539515464,0.020623085
9_47,1.921483333,0.011725281
9_48,1.807446293,0
9_49,1.710195652,0.02644712
9_5,1.48814348,3.567990625
9_50,2.642153846,0
9_51,1.554307692,0.014252608
9_52,1.5554,0.051958489
9_53,2.123166667,0.081058626
9_54,1.75125,0.076488856
9_55,1.678632353,0.081990959
9_56,1.400058824,0.065459163
9_57,2.284553571,0.038916512
9_58,2.030217949,0.010698906
9_59,1.7474,0.051301914
9_6,1.581472785,3.385100103
9_60,1.673268041,0.089400158
9_61,2.191403867,0.075568559
9_62,2.034415306,0.013948888
9_63,1.866460606,0.024167111
9_64,1.760282609,0.056220835
9_65,1.966525234,0.014343519
9_66,1.800835294,0.033407275
9_67,2.093666667,0.052777968
9_68,2.37328125,0.030351562
9_69,1.813151515,0
9_7,1.789088,3.188607267
9_70,2.422111111,0.030576785
9_71,1.798,0.072593068
9_72,2.453277778,0.155755962
9_73,1.726933333,0.159901683
9_74,2.361228916,0.169076178
9_75,2.021355172,0.143640393
9_76,1.5083,0.081430478
9_77,2.21206383,0.021972927
9_78,2.049660256,0.122888963
9_79,1.974125,0.174481499
9_8,1.665284744,3.046905605
9_80,1.625035714,0.080402472
9_81,1.571229293,0.08176938
9_82,1.825866667,0.21965095
9_83,1.723501695,0.197298328
9_84,1.963861789,0.136995497
9_85,1.932166667,0.136860273
9_86,2.343680851,0.184795306
9_87,1.845727273,0.295294031
9_88,2.11698059,0.451155126
9_89,1.7980875,0.521190265
9_9,1.713140406,3.074832851
9_90,1.737561798,0.40381822
9_91,1.833663934,0.113681578
9_92,1.897485149,0.080697984
9_93,1.739365278,0.097544692
9_94,1.928859903,0.043181808
9_95,2.043000294,0.284300038
9_96,1.564816393,0.684066222
9_97,1.767145839,1.010837114
9_98,1.605379891,0.969205325
9_99,1.754722712,0.63005761